mean_fit_time,std_fit_time,mean_score_time,std_score_time,param_criterion,param_max_depth,param_min_samples_leaf,param_min_samples_split,params,split0_test_score,split1_test_score,split2_test_score,split3_test_score,split4_test_score,mean_test_score,std_test_score,rank_test_score
0.005796480178833008,0.00039997109357208085,0.0025983810424804687,0.0004897652599601235,gini,6,10,10,"{'criterion': 'gini', 'max_depth': 6, 'min_samples_leaf': 10, 'min_samples_split': 10}",0.46875,0.65625,0.78125,0.59375,0.5625,0.6125,0.10383279828647594,1
0.0059963703155517575,5.135693366178994e-07,0.00279850959777832,0.0003995658211964233,gini,6,10,20,"{'criterion': 'gini', 'max_depth': 6, 'min_samples_leaf': 10, 'min_samples_split': 20}",0.46875,0.65625,0.78125,0.59375,0.5625,0.6125,0.10383279828647594,1
0.005796575546264648,0.00039978035874948246,0.0021988391876220704,0.0003998758398829301,gini,5,10,30,"{'criterion': 'gini', 'max_depth': 5, 'min_samples_leaf': 10, 'min_samples_split': 30}",0.46875,0.65625,0.78125,0.59375,0.5625,0.6125,0.10383279828647594,1
0.006596136093139649,0.00119934084874983,0.00259857177734375,0.0004896288860140693,gini,5,10,20,"{'criterion': 'gini', 'max_depth': 5, 'min_samples_leaf': 10, 'min_samples_split': 20}",0.46875,0.65625,0.78125,0.59375,0.5625,0.6125,0.10383279828647594,1
0.006196022033691406,0.0007481371236764885,0.0025985240936279297,0.0008000135475042733,gini,5,10,10,"{'criterion': 'gini', 'max_depth': 5, 'min_samples_leaf': 10, 'min_samples_split': 10}",0.46875,0.65625,0.78125,0.59375,0.5625,0.6125,0.10383279828647594,1
0.005996561050415039,2.86102294921875e-07,0.002598476409912109,0.0004899403624467531,gini,6,10,30,"{'criterion': 'gini', 'max_depth': 6, 'min_samples_leaf': 10, 'min_samples_split': 30}",0.46875,0.65625,0.78125,0.59375,0.5625,0.6125,0.10383279828647594,1
0.006196308135986328,0.0003996853895555364,0.002798652648925781,0.0003996373503038124,gini,3,10,10,"{'criterion': 'gini', 'max_depth': 3, 'min_samples_leaf': 10, 'min_samples_split': 10}",0.5625,0.625,0.65625,0.59375,0.5625,0.6,0.03644344934278313,7
0.005996608734130859,3.2340669551493016e-07,0.0027984142303466796,0.00039999491766111466,gini,4,10,10,"{'criterion': 'gini', 'max_depth': 4, 'min_samples_leaf': 10, 'min_samples_split': 10}",0.46875,0.65625,0.71875,0.59375,0.5625,0.6,0.08477912478906585,7
0.006396007537841797,0.0004898235152673564,0.0029983997344970705,0.00109536573250257,gini,4,10,20,"{'criterion': 'gini', 'max_depth': 4, 'min_samples_leaf': 10, 'min_samples_split': 20}",0.46875,0.65625,0.71875,0.59375,0.5625,0.6,0.08477912478906585,7
0.005796909332275391,0.00039982808510602566,0.0025983333587646486,0.0011994600710690355,gini,4,10,30,"{'criterion': 'gini', 'max_depth': 4, 'min_samples_leaf': 10, 'min_samples_split': 30}",0.46875,0.65625,0.71875,0.59375,0.5625,0.6,0.08477912478906585,7
0.006395959854125976,0.0007991076280433529,0.0025986194610595702,0.0004895706539908728,gini,3,10,20,"{'criterion': 'gini', 'max_depth': 3, 'min_samples_leaf': 10, 'min_samples_split': 20}",0.5625,0.625,0.65625,0.59375,0.5625,0.6,0.03644344934278313,7
0.005996608734130859,4.156969970265077e-07,0.0027982234954833985,0.0007480478814258899,gini,3,10,30,"{'criterion': 'gini', 'max_depth': 3, 'min_samples_leaf': 10, 'min_samples_split': 30}",0.5625,0.625,0.65625,0.59375,0.5625,0.6,0.03644344934278313,7
0.0067961692810058595,0.0011653289880398045,0.0031981468200683594,0.00039982802823816167,entropy,6,10,20,"{'criterion': 'entropy', 'max_depth': 6, 'min_samples_leaf': 10, 'min_samples_split': 20}",0.4375,0.6875,0.75,0.5625,0.53125,0.59375,0.11180339887498948,13
0.006396150588989258,0.0004895120852523501,0.0025985240936279297,0.000489492608781462,entropy,6,10,10,"{'criterion': 'entropy', 'max_depth': 6, 'min_samples_leaf': 10, 'min_samples_split': 10}",0.4375,0.6875,0.75,0.5625,0.53125,0.59375,0.11180339887498948,13
0.006196498870849609,0.0003997087585296766,0.0027982711791992186,0.0003996849060058594,entropy,5,10,20,"{'criterion': 'entropy', 'max_depth': 5, 'min_samples_leaf': 10, 'min_samples_split': 20}",0.4375,0.65625,0.75,0.5625,0.53125,0.5875,0.10716517624676404,15
0.0057967185974121095,0.0003997327177049117,0.0025986671447753907,0.0004899014056540585,gini,3,10,40,"{'criterion': 'gini', 'max_depth': 3, 'min_samples_leaf': 10, 'min_samples_split': 40}",0.5625,0.625,0.65625,0.59375,0.5,0.5875,0.053764532919016415,15
0.005596351623535156,0.0004898430342823861,0.0023990154266357424,0.00048974566356235,gini,5,15,10,"{'criterion': 'gini', 'max_depth': 5, 'min_samples_leaf': 15, 'min_samples_split': 10}",0.5,0.625,0.71875,0.59375,0.5,0.5875,0.08244316223920574,15
0.005996608734130859,0.0006316560811527702,0.002598285675048828,0.0004900768909747807,gini,3,10,50,"{'criterion': 'gini', 'max_depth': 3, 'min_samples_leaf': 10, 'min_samples_split': 50}",0.53125,0.625,0.65625,0.625,0.5,0.5875,0.06059599821770412,15
0.006596708297729492,0.000489609572084794,0.002798318862915039,0.0003999476887604306,entropy,4,10,20,"{'criterion': 'entropy', 'max_depth': 4, 'min_samples_leaf': 10, 'min_samples_split': 20}",0.4375,0.65625,0.75,0.5625,0.53125,0.5875,0.10716517624676404,15
0.006595897674560547,0.0004896288627950879,0.0025987148284912108,0.0004896483431334989,entropy,5,10,10,"{'criterion': 'entropy', 'max_depth': 5, 'min_samples_leaf': 10, 'min_samples_split': 10}",0.4375,0.65625,0.75,0.5625,0.53125,0.5875,0.10716517624676404,15
0.006196403503417968,0.00039987566929968805,0.0029983043670654295,1.784161275279017e-07,entropy,4,10,10,"{'criterion': 'entropy', 'max_depth': 4, 'min_samples_leaf': 10, 'min_samples_split': 10}",0.4375,0.65625,0.75,0.5625,0.53125,0.5875,0.10716517624676404,15
0.00619659423828125,0.0007476655894093011,0.0027982234954833985,0.00039978064312262587,gini,6,15,10,"{'criterion': 'gini', 'max_depth': 6, 'min_samples_leaf': 15, 'min_samples_split': 10}",0.5,0.625,0.71875,0.59375,0.5,0.5875,0.08244316223920574,15
0.008795166015625,0.0036531125091732084,0.0025982379913330076,0.0004896483431334989,gini,5,15,30,"{'criterion': 'gini', 'max_depth': 5, 'min_samples_leaf': 15, 'min_samples_split': 30}",0.5,0.625,0.71875,0.59375,0.5,0.5875,0.08244316223920574,15
0.005796289443969727,0.0003998758398829301,0.0025987148284912108,0.0004899403624467531,gini,6,15,30,"{'criterion': 'gini', 'max_depth': 6, 'min_samples_leaf': 15, 'min_samples_split': 30}",0.5,0.625,0.71875,0.59375,0.5,0.5875,0.08244316223920574,15
0.006196165084838867,0.0009795886794729037,0.002598476409912109,0.0004899403856509721,gini,6,15,20,"{'criterion': 'gini', 'max_depth': 6, 'min_samples_leaf': 15, 'min_samples_split': 20}",0.5,0.625,0.71875,0.59375,0.5,0.5875,0.08244316223920574,15
0.005996084213256836,0.0010947127906299294,0.0023988723754882813,0.000489667850557489,gini,5,15,20,"{'criterion': 'gini', 'max_depth': 5, 'min_samples_leaf': 15, 'min_samples_split': 20}",0.5,0.625,0.71875,0.59375,0.5,0.5875,0.08244316223920574,15
0.007595491409301758,0.0017427987264755527,0.0023986339569091798,0.0004894732523126978,entropy,6,10,30,"{'criterion': 'entropy', 'max_depth': 6, 'min_samples_leaf': 10, 'min_samples_split': 30}",0.4375,0.65625,0.75,0.5625,0.5,0.58125,0.11110243021644486,27
0.0061966896057128905,0.00039949419960027334,0.002798175811767578,0.0003998758398829301,gini,6,15,50,"{'criterion': 'gini', 'max_depth': 6, 'min_samples_leaf': 15, 'min_samples_split': 50}",0.5,0.625,0.65625,0.625,0.5,0.58125,0.06731456008918131,27
0.005996561050415039,3.234066955149302e-07,0.0025983810424804687,0.0004896678737746217,gini,3,15,50,"{'criterion': 'gini', 'max_depth': 3, 'min_samples_leaf': 15, 'min_samples_split': 50}",0.5,0.625,0.65625,0.625,0.5,0.58125,0.06731456008918131,27
0.005996561050415039,1.1680077279964342e-07,0.0023985385894775392,0.0004895510498031538,entropy,3,10,30,"{'criterion': 'entropy', 'max_depth': 3, 'min_samples_leaf': 10, 'min_samples_split': 30}",0.5,0.65625,0.6875,0.5625,0.5,0.58125,0.07806247497997998,27
0.0067962646484375,0.0021343766283311314,0.003597593307495117,0.001742694803042097,gini,4,15,50,"{'criterion': 'gini', 'max_depth': 4, 'min_samples_leaf': 15, 'min_samples_split': 50}",0.5,0.625,0.65625,0.625,0.5,0.58125,0.06731456008918131,27
0.006396293640136719,0.0004894926784577927,0.002398681640625,0.0004892396043624261,entropy,4,10,30,"{'criterion': 'entropy', 'max_depth': 4, 'min_samples_leaf': 10, 'min_samples_split': 30}",0.4375,0.65625,0.75,0.5625,0.5,0.58125,0.11110243021644486,27
0.006196498870849609,0.00039982799980422667,0.0019988536834716795,1.784161275279017e-07,entropy,5,10,30,"{'criterion': 'entropy', 'max_depth': 5, 'min_samples_leaf': 10, 'min_samples_split': 30}",0.4375,0.65625,0.75,0.5625,0.5,0.58125,0.11110243021644486,27
0.005596256256103516,0.0004895705146603966,0.0025989055633544923,0.0004898040697486511,gini,5,15,50,"{'criterion': 'gini', 'max_depth': 5, 'min_samples_leaf': 15, 'min_samples_split': 50}",0.5,0.625,0.65625,0.625,0.5,0.58125,0.06731456008918131,27
0.006596088409423828,0.0011991262850698358,0.00219879150390625,0.00039978035874948246,entropy,3,10,20,"{'criterion': 'entropy', 'max_depth': 3, 'min_samples_leaf': 10, 'min_samples_split': 20}",0.5,0.65625,0.6875,0.5625,0.46875,0.575,0.0852386356061616,35
0.006196403503417968,0.0003996372365137937,0.0029983043670654295,2.7804145311571603e-07,entropy,3,10,10,"{'criterion': 'entropy', 'max_depth': 3, 'min_samples_leaf': 10, 'min_samples_split': 10}",0.5,0.65625,0.6875,0.5625,0.46875,0.575,0.0852386356061616,35
0.00619659423828125,0.00097896573818822,0.00259857177734375,0.0004898235848966164,gini,5,10,40,"{'criterion': 'gini', 'max_depth': 5, 'min_samples_leaf': 10, 'min_samples_split': 40}",0.46875,0.65625,0.65625,0.59375,0.5,0.575,0.07806247497997998,35
0.006396341323852539,0.0004894537139056069,0.005396842956542969,0.005813779356449046,gini,5,15,40,"{'criterion': 'gini', 'max_depth': 5, 'min_samples_leaf': 15, 'min_samples_split': 40}",0.5,0.625,0.65625,0.59375,0.5,0.575,0.06434768838116875,35
0.005396604537963867,0.0004896874547124378,0.0027984619140625,0.0007481753649259587,gini,6,15,40,"{'criterion': 'gini', 'max_depth': 6, 'min_samples_leaf': 15, 'min_samples_split': 40}",0.5,0.625,0.65625,0.59375,0.5,0.575,0.06434768838116875,35
0.00559687614440918,0.0004897846048886376,0.002798318862915039,0.0003997088154145095,gini,6,10,40,"{'criterion': 'gini', 'max_depth': 6, 'min_samples_leaf': 10, 'min_samples_split': 40}",0.46875,0.65625,0.65625,0.59375,0.5,0.575,0.07806247497997998,35
0.0059967041015625,3.015782985847835e-07,0.0023985385894775392,0.000489940339242533,gini,6,10,50,"{'criterion': 'gini', 'max_depth': 6, 'min_samples_leaf': 10, 'min_samples_split': 50}",0.4375,0.65625,0.65625,0.625,0.5,0.575,0.08970437559004577,35
0.005996561050415039,1.9073486328124998e-07,0.0027984619140625,0.00039978030187482947,gini,4,10,40,"{'criterion': 'gini', 'max_depth': 4, 'min_samples_leaf': 10, 'min_samples_split': 40}",0.46875,0.65625,0.65625,0.59375,0.5,0.575,0.07806247497997998,35
0.006196212768554687,0.0003999710083007813,0.0029983997344970705,1.784161275279017e-07,gini,4,10,50,"{'criterion': 'gini', 'max_depth': 4, 'min_samples_leaf': 10, 'min_samples_split': 50}",0.4375,0.65625,0.65625,0.625,0.5,0.575,0.08970437559004577,35
0.0057964324951171875,0.00039982802823816167,0.0025986671447753907,0.000489609432765393,gini,4,15,10,"{'criterion': 'gini', 'max_depth': 4, 'min_samples_leaf': 15, 'min_samples_split': 10}",0.5,0.625,0.65625,0.59375,0.5,0.575,0.06434768838116875,35
0.006196403503417968,0.0007477803522672831,0.00259857177734375,0.0004895317049346298,gini,4,15,20,"{'criterion': 'gini', 'max_depth': 4, 'min_samples_leaf': 15, 'min_samples_split': 20}",0.5,0.625,0.65625,0.59375,0.5,0.575,0.06434768838116875,35
0.005996513366699219,0.0006319573318802691,0.0029983043670654295,2.7804145311571603e-07,gini,4,15,30,"{'criterion': 'gini', 'max_depth': 4, 'min_samples_leaf': 15, 'min_samples_split': 30}",0.5,0.625,0.65625,0.59375,0.5,0.575,0.06434768838116875,35
0.005996561050415039,1.9073486328124998e-07,0.002998208999633789,2.431401974483864e-07,gini,4,15,40,"{'criterion': 'gini', 'max_depth': 4, 'min_samples_leaf': 15, 'min_samples_split': 40}",0.5,0.625,0.65625,0.59375,0.5,0.575,0.06434768838116875,35
0.00739583969116211,0.0017425416738370801,0.003198051452636719,0.0003996372649613014,entropy,2,10,30,"{'criterion': 'entropy', 'max_depth': 2, 'min_samples_leaf': 10, 'min_samples_split': 30}",0.5,0.625,0.6875,0.5625,0.5,0.575,0.07288689868556626,35
0.005996608734130859,3.2340669551493016e-07,0.002998208999633789,4.156969970265077e-07,entropy,2,10,20,"{'criterion': 'entropy', 'max_depth': 2, 'min_samples_leaf': 10, 'min_samples_split': 20}",0.5,0.625,0.6875,0.5625,0.5,0.575,0.07288689868556626,35
0.008395195007324219,0.0030048268790362144,0.0027982234954833985,0.0003998995218167223,entropy,2,10,10,"{'criterion': 'entropy', 'max_depth': 2, 'min_samples_leaf': 10, 'min_samples_split': 10}",0.5,0.625,0.6875,0.5625,0.5,0.575,0.07288689868556626,35
0.005596637725830078,0.0004896873154151949,0.002598476409912109,0.000489453667451023,gini,5,10,50,"{'criterion': 'gini', 'max_depth': 5, 'min_samples_leaf': 10, 'min_samples_split': 50}",0.4375,0.65625,0.65625,0.625,0.5,0.575,0.08970437559004577,35
0.007195615768432617,0.0009791019602702618,0.0025987625122070312,0.0004895900066087565,entropy,6,15,30,"{'criterion': 'entropy', 'max_depth': 6, 'min_samples_leaf': 15, 'min_samples_split': 30}",0.53125,0.625,0.6875,0.53125,0.5,0.575,0.0701560760020114,35
0.0067958831787109375,0.0007480096336589523,0.002998161315917969,1.784161275279017e-07,entropy,6,15,20,"{'criterion': 'entropy', 'max_depth': 6, 'min_samples_leaf': 15, 'min_samples_split': 20}",0.53125,0.625,0.6875,0.53125,0.5,0.575,0.0701560760020114,35
0.006996059417724609,0.0015483115802443783,0.0031980037689208984,0.00039942268470518505,entropy,6,15,10,"{'criterion': 'entropy', 'max_depth': 6, 'min_samples_leaf': 15, 'min_samples_split': 10}",0.53125,0.625,0.6875,0.53125,0.5,0.575,0.0701560760020114,35
0.006196308135986328,0.0003994465301183956,0.002798604965209961,0.00039925579527550924,entropy,5,15,30,"{'criterion': 'entropy', 'max_depth': 5, 'min_samples_leaf': 15, 'min_samples_split': 30}",0.53125,0.625,0.6875,0.53125,0.5,0.575,0.0701560760020114,35
0.00619654655456543,0.000399804154394406,0.0027984619140625,0.00039978035874948246,entropy,5,15,20,"{'criterion': 'entropy', 'max_depth': 5, 'min_samples_leaf': 15, 'min_samples_split': 20}",0.53125,0.625,0.6875,0.53125,0.5,0.575,0.0701560760020114,35
0.00639638900756836,0.0007992506222804141,0.002598476409912109,0.0004896483663515566,entropy,5,15,10,"{'criterion': 'entropy', 'max_depth': 5, 'min_samples_leaf': 15, 'min_samples_split': 10}",0.53125,0.625,0.6875,0.53125,0.5,0.575,0.0701560760020114,35
0.009394550323486328,0.00300485543883082,0.0033981800079345703,0.000799417573944188,entropy,4,15,30,"{'criterion': 'entropy', 'max_depth': 4, 'min_samples_leaf': 15, 'min_samples_split': 30}",0.53125,0.625,0.6875,0.53125,0.5,0.575,0.0701560760020114,35
0.006396293640136719,0.0004896872689827718,0.00539693832397461,0.0053109060973153596,entropy,4,15,20,"{'criterion': 'entropy', 'max_depth': 4, 'min_samples_leaf': 15, 'min_samples_split': 20}",0.53125,0.625,0.6875,0.53125,0.5,0.575,0.0701560760020114,35
0.00579686164855957,0.00039980412595877306,0.0025981903076171876,0.0004899013824479931,entropy,4,15,10,"{'criterion': 'entropy', 'max_depth': 4, 'min_samples_leaf': 15, 'min_samples_split': 10}",0.53125,0.625,0.6875,0.53125,0.5,0.575,0.0701560760020114,35
0.005796909332275391,0.0003993512481006018,0.0025980472564697266,0.0004898822231453293,gini,3,15,40,"{'criterion': 'gini', 'max_depth': 3, 'min_samples_leaf': 15, 'min_samples_split': 40}",0.5,0.625,0.65625,0.59375,0.5,0.575,0.06434768838116875,35
0.006196355819702149,0.0003997804440614467,0.00319819450378418,0.0009792674171453218,gini,3,15,10,"{'criterion': 'gini', 'max_depth': 3, 'min_samples_leaf': 15, 'min_samples_split': 10}",0.5,0.625,0.65625,0.59375,0.5,0.575,0.06434768838116875,35
0.00799574851989746,0.005547482285617816,0.003397417068481445,0.0028689633149215914,gini,3,15,20,"{'criterion': 'gini', 'max_depth': 3, 'min_samples_leaf': 15, 'min_samples_split': 20}",0.5,0.625,0.65625,0.59375,0.5,0.575,0.06434768838116875,35
0.005596590042114258,0.0004900377640788584,0.0025985240936279297,0.0004896872457665585,gini,3,15,30,"{'criterion': 'gini', 'max_depth': 3, 'min_samples_leaf': 15, 'min_samples_split': 30}",0.5,0.625,0.65625,0.59375,0.5,0.575,0.06434768838116875,35
0.006196403503417968,0.00039999497450525176,0.002998161315917969,2.78041453115716e-07,entropy,2,15,10,"{'criterion': 'entropy', 'max_depth': 2, 'min_samples_leaf': 15, 'min_samples_split': 10}",0.46875,0.625,0.6875,0.5625,0.5,0.56875,0.08003905296791061,65
0.00599818229675293,0.0006321168438608574,0.0023969173431396484,0.0004875729450765656,entropy,2,15,30,"{'criterion': 'entropy', 'max_depth': 2, 'min_samples_leaf': 15, 'min_samples_split': 30}",0.46875,0.625,0.6875,0.5625,0.5,0.56875,0.08003905296791061,65
0.005996322631835938,2.4314019744838644e-07,0.0025986671447753907,0.0004896093863255838,entropy,2,15,20,"{'criterion': 'entropy', 'max_depth': 2, 'min_samples_leaf': 15, 'min_samples_split': 20}",0.46875,0.625,0.6875,0.5625,0.5,0.56875,0.08003905296791061,65
0.005596446990966797,0.0004898236081063675,0.0025987625122070312,0.0004894926320069067,entropy,3,15,30,"{'criterion': 'entropy', 'max_depth': 3, 'min_samples_leaf': 15, 'min_samples_split': 30}",0.46875,0.625,0.6875,0.53125,0.5,0.5625,0.08149003006503311,68
0.0059964656829833984,2.611744678045111e-07,0.002798604965209961,0.00074808613027672,entropy,3,15,10,"{'criterion': 'entropy', 'max_depth': 3, 'min_samples_leaf': 15, 'min_samples_split': 10}",0.46875,0.625,0.6875,0.53125,0.5,0.5625,0.08149003006503311,68
0.005996417999267578,0.000632108121027845,0.00259857177734375,0.0004898235616868641,entropy,3,15,20,"{'criterion': 'entropy', 'max_depth': 3, 'min_samples_leaf': 15, 'min_samples_split': 20}",0.46875,0.625,0.6875,0.53125,0.5,0.5625,0.08149003006503311,68
0.0059963703155517575,3.234066955149302e-07,0.002598476409912109,0.0004897457099892367,entropy,3,10,40,"{'criterion': 'entropy', 'max_depth': 3, 'min_samples_leaf': 10, 'min_samples_split': 40}",0.46875,0.625,0.65625,0.59375,0.4375,0.55625,0.08705242673240074,71
0.008195066452026367,0.003916894456538633,0.0023987293243408203,0.0004894925855560162,entropy,3,10,50,"{'criterion': 'entropy', 'max_depth': 3, 'min_samples_leaf': 10, 'min_samples_split': 50}",0.46875,0.625,0.65625,0.59375,0.4375,0.55625,0.08705242673240074,71
0.006396150588989258,0.0004892201821111938,0.002998018264770508,0.001548434740672668,entropy,5,10,50,"{'criterion': 'entropy', 'max_depth': 5, 'min_samples_leaf': 10, 'min_samples_split': 50}",0.46875,0.625,0.65625,0.59375,0.4375,0.55625,0.08705242673240074,71
0.007995319366455079,0.0012640654601031108,0.003198051452636719,0.0011655825051700365,entropy,6,10,40,"{'criterion': 'entropy', 'max_depth': 6, 'min_samples_leaf': 10, 'min_samples_split': 40}",0.46875,0.625,0.65625,0.59375,0.4375,0.55625,0.08705242673240074,71
0.00619659423828125,0.0007481116182931815,0.0027980804443359375,0.00039982802823816167,entropy,5,10,40,"{'criterion': 'entropy', 'max_depth': 5, 'min_samples_leaf': 10, 'min_samples_split': 40}",0.46875,0.625,0.65625,0.59375,0.4375,0.55625,0.08705242673240074,71
0.00699615478515625,0.0006321081677897449,0.002198600769042969,0.00039987564086914064,entropy,6,10,50,"{'criterion': 'entropy', 'max_depth': 6, 'min_samples_leaf': 10, 'min_samples_split': 50}",0.46875,0.625,0.65625,0.59375,0.4375,0.55625,0.08705242673240074,71
0.005996894836425781,8.313939940530154e-07,0.002198457717895508,0.0003998285969164375,entropy,4,10,40,"{'criterion': 'entropy', 'max_depth': 4, 'min_samples_leaf': 10, 'min_samples_split': 40}",0.46875,0.625,0.65625,0.59375,0.4375,0.55625,0.08705242673240074,71
0.006396245956420898,0.000489531565593068,0.0023985862731933593,0.000489317378593227,entropy,4,10,50,"{'criterion': 'entropy', 'max_depth': 4, 'min_samples_leaf': 10, 'min_samples_split': 50}",0.46875,0.625,0.65625,0.59375,0.4375,0.55625,0.08705242673240074,71
0.006595897674560547,0.001019197004673555,0.002398824691772461,0.0004895121317013901,entropy,6,40,10,"{'criterion': 'entropy', 'max_depth': 6, 'min_samples_leaf': 40, 'min_samples_split': 10}",0.5,0.625,0.65625,0.46875,0.5,0.55,0.07551903733496608,79
0.005997085571289062,0.0006322589137716331,0.002597999572753906,0.0004895510730258258,entropy,3,40,20,"{'criterion': 'entropy', 'max_depth': 3, 'min_samples_leaf': 40, 'min_samples_split': 20}",0.5,0.625,0.65625,0.46875,0.5,0.55,0.07551903733496608,79
0.006396436691284179,0.0013557349488118415,0.002798175811767578,0.0003997564706832494,entropy,3,40,10,"{'criterion': 'entropy', 'max_depth': 3, 'min_samples_leaf': 40, 'min_samples_split': 10}",0.5,0.625,0.65625,0.46875,0.5,0.55,0.07551903733496608,79
0.005596637725830078,0.0004895899369462772,0.00279850959777832,0.00039968493444997424,entropy,3,40,50,"{'criterion': 'entropy', 'max_depth': 3, 'min_samples_leaf': 40, 'min_samples_split': 50}",0.5,0.625,0.65625,0.46875,0.5,0.55,0.07551903733496608,79
0.0059967041015625,0.0006321081677897449,0.002798318862915039,0.0011656479444721978,entropy,5,40,30,"{'criterion': 'entropy', 'max_depth': 5, 'min_samples_leaf': 40, 'min_samples_split': 30}",0.5,0.625,0.65625,0.46875,0.5,0.55,0.07551903733496608,79
0.005796384811401367,0.000399804154394406,0.0025987148284912108,0.00048964831991544,gini,5,20,10,"{'criterion': 'gini', 'max_depth': 5, 'min_samples_leaf': 20, 'min_samples_split': 10}",0.53125,0.59375,0.59375,0.5,0.53125,0.55,0.0375,79
0.005396413803100586,0.0004897457332026785,0.0025986671447753907,0.0004897068305728422,gini,5,20,20,"{'criterion': 'gini', 'max_depth': 5, 'min_samples_leaf': 20, 'min_samples_split': 20}",0.53125,0.59375,0.59375,0.5,0.53125,0.55,0.0375,79
0.0059963703155517575,2.86102294921875e-07,0.0033983230590820313,0.0013557349488118415,gini,5,20,30,"{'criterion': 'gini', 'max_depth': 5, 'min_samples_leaf': 20, 'min_samples_split': 30}",0.53125,0.59375,0.59375,0.5,0.53125,0.55,0.0375,79
0.008595085144042969,0.003927016642043397,0.002798318862915039,0.00040018562408369803,gini,5,20,40,"{'criterion': 'gini', 'max_depth': 5, 'min_samples_leaf': 20, 'min_samples_split': 40}",0.53125,0.59375,0.59375,0.5,0.53125,0.55,0.0375,79
0.0069959163665771484,0.001548527059781805,0.0029979705810546874,0.0006318820083740271,entropy,6,40,20,"{'criterion': 'entropy', 'max_depth': 6, 'min_samples_leaf': 40, 'min_samples_split': 20}",0.5,0.625,0.65625,0.46875,0.5,0.55,0.07551903733496608,79
0.006196403503417968,0.0009791994442109183,0.0031982898712158204,0.0003997566697563662,entropy,6,40,30,"{'criterion': 'entropy', 'max_depth': 6, 'min_samples_leaf': 40, 'min_samples_split': 30}",0.5,0.625,0.65625,0.46875,0.5,0.55,0.07551903733496608,79
0.007595491409301758,0.0018538642881854117,0.002998208999633789,0.0006321836585680718,entropy,5,40,50,"{'criterion': 'entropy', 'max_depth': 5, 'min_samples_leaf': 40, 'min_samples_split': 50}",0.5,0.625,0.65625,0.46875,0.5,0.55,0.07551903733496608,79
0.006196355819702149,0.0004000188483286684,0.0025988101959228517,0.0004898235152673564,entropy,6,40,40,"{'criterion': 'entropy', 'max_depth': 6, 'min_samples_leaf': 40, 'min_samples_split': 40}",0.5,0.625,0.65625,0.46875,0.5,0.55,0.07551903733496608,79
0.006796073913574219,0.0011651899990249824,0.0027982234954833985,0.0003997803871868059,entropy,5,40,40,"{'criterion': 'entropy', 'max_depth': 5, 'min_samples_leaf': 40, 'min_samples_split': 40}",0.5,0.625,0.65625,0.46875,0.5,0.55,0.07551903733496608,79
0.005596685409545899,0.0004899209169248172,0.0027982711791992186,0.00039980421126566574,entropy,2,40,10,"{'criterion': 'entropy', 'max_depth': 2, 'min_samples_leaf': 40, 'min_samples_split': 10}",0.5,0.625,0.65625,0.46875,0.5,0.55,0.07551903733496608,79
0.006196784973144531,0.0009796081278919638,0.0025982379913330076,0.0004896485056598799,entropy,5,40,20,"{'criterion': 'entropy', 'max_depth': 5, 'min_samples_leaf': 40, 'min_samples_split': 20}",0.5,0.625,0.65625,0.46875,0.5,0.55,0.07551903733496608,79
0.00639653205871582,0.0008003713475972315,0.0029981136322021484,3.693564745147149e-07,entropy,4,40,40,"{'criterion': 'entropy', 'max_depth': 4, 'min_samples_leaf': 40, 'min_samples_split': 40}",0.5,0.625,0.65625,0.46875,0.5,0.55,0.07551903733496608,79
0.006196498870849609,0.000979277175938267,0.00339813232421875,0.0007997990578478697,entropy,2,40,30,"{'criterion': 'entropy', 'max_depth': 2, 'min_samples_leaf': 40, 'min_samples_split': 30}",0.5,0.625,0.65625,0.46875,0.5,0.55,0.07551903733496608,79
0.0069958209991455075,0.0035193613246191796,0.00719609260559082,0.008395242691717129,entropy,2,40,40,"{'criterion': 'entropy', 'max_depth': 2, 'min_samples_leaf': 40, 'min_samples_split': 40}",0.5,0.625,0.65625,0.46875,0.5,0.55,0.07551903733496608,79
0.0077952384948730465,0.0022256040396940575,0.002598857879638672,0.0004894733452181437,entropy,2,40,50,"{'criterion': 'entropy', 'max_depth': 2, 'min_samples_leaf': 40, 'min_samples_split': 50}",0.5,0.625,0.65625,0.46875,0.5,0.55,0.07551903733496608,79
0.00579681396484375,0.0004001381676677605,0.0023982048034667967,0.0004897263031669776,entropy,4,40,10,"{'criterion': 'entropy', 'max_depth': 4, 'min_samples_leaf': 40, 'min_samples_split': 10}",0.5,0.625,0.65625,0.46875,0.5,0.55,0.07551903733496608,79
0.005796957015991211,0.00039985186653780343,0.002798128128051758,0.00039973260394204083,entropy,4,40,20,"{'criterion': 'entropy', 'max_depth': 4, 'min_samples_leaf': 40, 'min_samples_split': 20}",0.5,0.625,0.65625,0.46875,0.5,0.55,0.07551903733496608,79
0.0057967185974121095,0.0004000902850766651,0.0025983333587646486,0.000489628932452029,entropy,4,40,30,"{'criterion': 'entropy', 'max_depth': 4, 'min_samples_leaf': 40, 'min_samples_split': 30}",0.5,0.625,0.65625,0.46875,0.5,0.55,0.07551903733496608,79
0.005596971511840821,0.0004897652367476073,0.0023987293243408203,0.000489590053050404,entropy,3,40,30,"{'criterion': 'entropy', 'max_depth': 3, 'min_samples_leaf': 40, 'min_samples_split': 30}",0.5,0.625,0.65625,0.46875,0.5,0.55,0.07551903733496608,79
0.00579681396484375,0.0003996611317067487,0.0027982234954833985,0.0003995419829027276,entropy,5,40,10,"{'criterion': 'entropy', 'max_depth': 5, 'min_samples_leaf': 40, 'min_samples_split': 10}",0.5,0.625,0.65625,0.46875,0.5,0.55,0.07551903733496608,79
0.0059963703155517575,0.0006319574074367452,0.002798652648925781,0.0003998757261607768,entropy,4,40,50,"{'criterion': 'entropy', 'max_depth': 4, 'min_samples_leaf': 40, 'min_samples_split': 50}",0.5,0.625,0.65625,0.46875,0.5,0.55,0.07551903733496608,79
0.0057963371276855465,0.0003998996071032651,0.002398777008056641,0.0004895511194711668,gini,6,20,40,"{'criterion': 'gini', 'max_depth': 6, 'min_samples_leaf': 20, 'min_samples_split': 40}",0.53125,0.59375,0.59375,0.5,0.53125,0.55,0.0375,79
0.005596780776977539,0.0004896095953046904,0.0025987625122070312,0.0004897846745234291,gini,6,20,30,"{'criterion': 'gini', 'max_depth': 6, 'min_samples_leaf': 20, 'min_samples_split': 30}",0.53125,0.59375,0.59375,0.5,0.53125,0.55,0.0375,79
0.006196355819702149,0.00039978030187482947,0.00259857177734375,0.0004898235152673564,gini,6,20,20,"{'criterion': 'gini', 'max_depth': 6, 'min_samples_leaf': 20, 'min_samples_split': 20}",0.53125,0.59375,0.59375,0.5,0.53125,0.55,0.0375,79
0.006396436691284179,0.0010190755266173662,0.0025981903076171876,0.0004896094792051977,gini,6,20,10,"{'criterion': 'gini', 'max_depth': 6, 'min_samples_leaf': 20, 'min_samples_split': 10}",0.53125,0.59375,0.59375,0.5,0.53125,0.55,0.0375,79
0.006196451187133789,0.00039985192340227706,0.0027983665466308595,0.0007480861606707698,entropy,2,40,20,"{'criterion': 'entropy', 'max_depth': 2, 'min_samples_leaf': 40, 'min_samples_split': 20}",0.5,0.625,0.65625,0.46875,0.5,0.55,0.07551903733496608,79
0.005596971511840821,0.0004895704682168956,0.0025983810424804687,0.0004895704682168956,entropy,3,40,40,"{'criterion': 'entropy', 'max_depth': 3, 'min_samples_leaf': 40, 'min_samples_split': 40}",0.5,0.625,0.65625,0.46875,0.5,0.55,0.07551903733496608,79
0.005596733093261719,0.0010192625266240171,0.00279850959777832,0.00039968496289408703,entropy,6,40,50,"{'criterion': 'entropy', 'max_depth': 6, 'min_samples_leaf': 40, 'min_samples_split': 50}",0.5,0.625,0.65625,0.46875,0.5,0.55,0.07551903733496608,79
0.006996011734008789,0.0019987345104427526,0.00299835205078125,3.015782985847835e-07,gini,4,20,30,"{'criterion': 'gini', 'max_depth': 4, 'min_samples_leaf': 20, 'min_samples_split': 30}",0.53125,0.59375,0.59375,0.5,0.53125,0.55,0.0375,79
0.0077954292297363285,0.004115929641337577,0.0027982234954833985,0.0003998995502455719,gini,4,20,20,"{'criterion': 'gini', 'max_depth': 4, 'min_samples_leaf': 20, 'min_samples_split': 20}",0.53125,0.59375,0.59375,0.5,0.53125,0.55,0.0375,79
0.00659632682800293,0.0017425088529065683,0.002798318862915039,0.0003995896523778203,gini,4,20,40,"{'criterion': 'gini', 'max_depth': 4, 'min_samples_leaf': 20, 'min_samples_split': 40}",0.53125,0.59375,0.59375,0.5,0.53125,0.55,0.0375,79
0.005596637725830078,0.0004895899369462772,0.00259857177734375,0.0004897262335238861,gini,4,20,10,"{'criterion': 'gini', 'max_depth': 4, 'min_samples_leaf': 20, 'min_samples_split': 10}",0.53125,0.59375,0.59375,0.5,0.53125,0.55,0.0375,79
0.005796670913696289,0.0007476273372910885,0.0025986194610595702,0.0004895704682168957,entropy,3,30,10,"{'criterion': 'entropy', 'max_depth': 3, 'min_samples_leaf': 30, 'min_samples_split': 10}",0.46875,0.59375,0.65625,0.53125,0.4375,0.5375,0.08003905296791061,116
0.005996608734130859,3.2340669551493016e-07,0.002598285675048828,0.0004896874547124378,entropy,2,15,40,"{'criterion': 'entropy', 'max_depth': 2, 'min_samples_leaf': 15, 'min_samples_split': 40}",0.46875,0.59375,0.65625,0.53125,0.4375,0.5375,0.08003905296791061,116
0.005796909332275391,0.000399708786972094,0.0025983333587646486,0.0004897262799526149,entropy,2,25,30,"{'criterion': 'entropy', 'max_depth': 2, 'min_samples_leaf': 25, 'min_samples_split': 30}",0.46875,0.59375,0.65625,0.53125,0.4375,0.5375,0.08003905296791061,116
0.008994722366333007,0.005996632576699711,0.0025985240936279297,0.0007995367530065147,entropy,2,25,20,"{'criterion': 'entropy', 'max_depth': 2, 'min_samples_leaf': 25, 'min_samples_split': 20}",0.46875,0.59375,0.65625,0.53125,0.4375,0.5375,0.08003905296791061,116
0.0059966564178466795,2.7804145311571603e-07,0.0027982711791992186,0.00039980418283003683,entropy,2,25,10,"{'criterion': 'entropy', 'max_depth': 2, 'min_samples_leaf': 25, 'min_samples_split': 10}",0.46875,0.59375,0.65625,0.53125,0.4375,0.5375,0.08003905296791061,116
0.005796623229980469,0.0003996849913381978,0.0027983665466308595,0.0003998520939956495,entropy,2,20,50,"{'criterion': 'entropy', 'max_depth': 2, 'min_samples_leaf': 20, 'min_samples_split': 50}",0.46875,0.59375,0.65625,0.53125,0.4375,0.5375,0.08003905296791061,116
0.005998086929321289,3.366348761505659e-06,0.0029967784881591796,3.515683859094002e-06,entropy,2,20,40,"{'criterion': 'entropy', 'max_depth': 2, 'min_samples_leaf': 20, 'min_samples_split': 40}",0.46875,0.59375,0.65625,0.53125,0.4375,0.5375,0.08003905296791061,116
0.0065959453582763675,0.0007995844082829917,0.0025986194610595702,0.0004896678041232202,entropy,2,20,30,"{'criterion': 'entropy', 'max_depth': 2, 'min_samples_leaf': 20, 'min_samples_split': 30}",0.46875,0.59375,0.65625,0.53125,0.4375,0.5375,0.08003905296791061,116
0.006196928024291992,0.0003997327177049117,0.0031978130340576173,0.0011655007374542215,entropy,2,20,20,"{'criterion': 'entropy', 'max_depth': 2, 'min_samples_leaf': 20, 'min_samples_split': 20}",0.46875,0.59375,0.65625,0.53125,0.4375,0.5375,0.08003905296791061,116
0.005996274948120117,2.7804145311571603e-07,0.004597377777099609,0.004713139711314331,entropy,2,20,10,"{'criterion': 'entropy', 'max_depth': 2, 'min_samples_leaf': 20, 'min_samples_split': 10}",0.46875,0.59375,0.65625,0.53125,0.4375,0.5375,0.08003905296791061,116
0.006196260452270508,0.0003997087585296766,0.00279850959777832,0.0007478695109109316,entropy,2,15,50,"{'criterion': 'entropy', 'max_depth': 2, 'min_samples_leaf': 15, 'min_samples_split': 50}",0.46875,0.59375,0.65625,0.53125,0.4375,0.5375,0.08003905296791061,116
0.005996513366699219,1.784161275279017e-07,0.0027983665466308595,0.00039949419960027334,entropy,4,25,20,"{'criterion': 'entropy', 'max_depth': 4, 'min_samples_leaf': 25, 'min_samples_split': 20}",0.46875,0.59375,0.65625,0.53125,0.4375,0.5375,0.08003905296791061,116
0.007396030426025391,0.001742689341456424,0.0025981903076171876,0.000799787077840705,entropy,4,25,10,"{'criterion': 'entropy', 'max_depth': 4, 'min_samples_leaf': 25, 'min_samples_split': 10}",0.46875,0.59375,0.65625,0.53125,0.4375,0.5375,0.08003905296791061,116
0.006196403503417968,0.0003998758114523948,0.002198600769042969,0.00040023327938972197,entropy,4,30,50,"{'criterion': 'entropy', 'max_depth': 4, 'min_samples_leaf': 30, 'min_samples_split': 50}",0.46875,0.59375,0.65625,0.53125,0.4375,0.5375,0.08003905296791061,116
0.006396484375,0.000489726256738251,0.0025983333587646486,0.0004896288395761052,entropy,2,10,50,"{'criterion': 'entropy', 'max_depth': 2, 'min_samples_leaf': 10, 'min_samples_split': 50}",0.46875,0.59375,0.65625,0.53125,0.4375,0.5375,0.08003905296791061,116
0.005996608734130859,4.422005889652111e-07,0.0027983665466308595,0.0003996134479989898,entropy,2,10,40,"{'criterion': 'entropy', 'max_depth': 2, 'min_samples_leaf': 10, 'min_samples_split': 40}",0.46875,0.59375,0.65625,0.53125,0.4375,0.5375,0.08003905296791061,116
0.005796670913696289,0.00039982808510602566,0.0027985572814941406,0.00039982802823816167,entropy,4,25,40,"{'criterion': 'entropy', 'max_depth': 4, 'min_samples_leaf': 25, 'min_samples_split': 40}",0.46875,0.59375,0.65625,0.53125,0.4375,0.5375,0.08003905296791061,116
0.0059964656829833984,2.611744678045111e-07,0.0023985385894775392,0.0004896483895696132,entropy,4,25,50,"{'criterion': 'entropy', 'max_depth': 4, 'min_samples_leaf': 25, 'min_samples_split': 50}",0.46875,0.59375,0.65625,0.53125,0.4375,0.5375,0.08003905296791061,116
0.005796623229980469,0.0003999235946428764,0.002798604965209961,0.00039949425651565775,entropy,4,30,10,"{'criterion': 'entropy', 'max_depth': 4, 'min_samples_leaf': 30, 'min_samples_split': 10}",0.46875,0.59375,0.65625,0.53125,0.4375,0.5375,0.08003905296791061,116
0.007195854187011718,0.001468652979109852,0.0033980369567871093,0.0007999658780002317,entropy,4,30,20,"{'criterion': 'entropy', 'max_depth': 4, 'min_samples_leaf': 30, 'min_samples_split': 20}",0.46875,0.59375,0.65625,0.53125,0.4375,0.5375,0.08003905296791061,116
0.005996322631835938,0.0012642916613578548,0.0027985572814941406,0.0003998279713702896,entropy,4,30,30,"{'criterion': 'entropy', 'max_depth': 4, 'min_samples_leaf': 30, 'min_samples_split': 30}",0.46875,0.59375,0.65625,0.53125,0.4375,0.5375,0.08003905296791061,116
0.005796480178833008,0.0003999711504196038,0.0027984619140625,0.0003997803587494825,entropy,2,25,40,"{'criterion': 'entropy', 'max_depth': 2, 'min_samples_leaf': 25, 'min_samples_split': 40}",0.46875,0.59375,0.65625,0.53125,0.4375,0.5375,0.08003905296791061,116
0.006596231460571289,0.0011994521017991107,0.0027984142303466796,0.00039951808058347774,entropy,2,25,50,"{'criterion': 'entropy', 'max_depth': 2, 'min_samples_leaf': 25, 'min_samples_split': 50}",0.46875,0.59375,0.65625,0.53125,0.4375,0.5375,0.08003905296791061,116
0.0059967041015625,4.523674478771752e-07,0.0023984432220458983,0.0004892396508373359,entropy,2,30,10,"{'criterion': 'entropy', 'max_depth': 2, 'min_samples_leaf': 30, 'min_samples_split': 10}",0.46875,0.59375,0.65625,0.53125,0.4375,0.5375,0.08003905296791061,116
0.006196451187133789,0.0003991366109215068,0.002998065948486328,4.6231077741778654e-07,entropy,3,20,40,"{'criterion': 'entropy', 'max_depth': 3, 'min_samples_leaf': 20, 'min_samples_split': 40}",0.46875,0.59375,0.65625,0.53125,0.4375,0.5375,0.08003905296791061,116
0.0059966564178466795,4.623107774177865e-07,0.0027983665466308595,0.0003997326608234803,entropy,3,30,50,"{'criterion': 'entropy', 'max_depth': 3, 'min_samples_leaf': 30, 'min_samples_split': 50}",0.46875,0.59375,0.65625,0.53125,0.4375,0.5375,0.08003905296791061,116
0.006596088409423828,0.0007997751715713102,0.003198099136352539,0.0009796762256504689,entropy,3,30,40,"{'criterion': 'entropy', 'max_depth': 3, 'min_samples_leaf': 30, 'min_samples_split': 40}",0.46875,0.59375,0.65625,0.53125,0.4375,0.5375,0.08003905296791061,116
0.005996847152709961,1.9073486328124998e-07,0.0025983333587646486,0.0004894342258206122,entropy,3,30,30,"{'criterion': 'entropy', 'max_depth': 3, 'min_samples_leaf': 30, 'min_samples_split': 30}",0.46875,0.59375,0.65625,0.53125,0.4375,0.5375,0.08003905296791061,116
0.006196355819702149,0.00039966124548996396,0.002598428726196289,0.0004895121084768707,entropy,3,30,20,"{'criterion': 'entropy', 'max_depth': 3, 'min_samples_leaf': 30, 'min_samples_split': 20}",0.46875,0.59375,0.65625,0.53125,0.4375,0.5375,0.08003905296791061,116
0.00619664192199707,0.00040011430096383157,0.002598285675048828,0.0004894925855560162,entropy,3,25,50,"{'criterion': 'entropy', 'max_depth': 3, 'min_samples_leaf': 25, 'min_samples_split': 50}",0.46875,0.59375,0.65625,0.53125,0.4375,0.5375,0.08003905296791061,116
0.00659632682800293,0.0007997751715713102,0.0025981903076171876,0.0004894148112928627,entropy,3,25,40,"{'criterion': 'entropy', 'max_depth': 3, 'min_samples_leaf': 25, 'min_samples_split': 40}",0.46875,0.59375,0.65625,0.53125,0.4375,0.5375,0.08003905296791061,116
0.005996894836425781,5.091227651611e-07,0.002598285675048828,0.0004898821535244039,entropy,3,25,30,"{'criterion': 'entropy', 'max_depth': 3, 'min_samples_leaf': 25, 'min_samples_split': 30}",0.46875,0.59375,0.65625,0.53125,0.4375,0.5375,0.08003905296791061,116
0.005996322631835938,2.431401974483864e-07,0.003798103332519531,0.0015990257263183592,entropy,3,25,20,"{'criterion': 'entropy', 'max_depth': 3, 'min_samples_leaf': 25, 'min_samples_split': 20}",0.46875,0.59375,0.65625,0.53125,0.4375,0.5375,0.08003905296791061,116
0.006196117401123047,0.000748111603096674,0.0023987293243408203,0.0004897845816770382,entropy,3,25,10,"{'criterion': 'entropy', 'max_depth': 3, 'min_samples_leaf': 25, 'min_samples_split': 10}",0.46875,0.59375,0.65625,0.53125,0.4375,0.5375,0.08003905296791061,116
0.005996513366699219,2.7804145311571603e-07,0.0021986961364746094,0.00039982802823816167,entropy,3,20,50,"{'criterion': 'entropy', 'max_depth': 3, 'min_samples_leaf': 20, 'min_samples_split': 50}",0.46875,0.59375,0.65625,0.53125,0.4375,0.5375,0.08003905296791061,116
0.0059967041015625,3.015782985847835e-07,0.0029981136322021484,3.015782985847835e-07,entropy,3,20,30,"{'criterion': 'entropy', 'max_depth': 3, 'min_samples_leaf': 20, 'min_samples_split': 30}",0.46875,0.59375,0.65625,0.53125,0.4375,0.5375,0.08003905296791061,116
0.005996513366699219,1.784161275279017e-07,0.0021986961364746094,0.00039970887229933425,entropy,2,30,20,"{'criterion': 'entropy', 'max_depth': 2, 'min_samples_leaf': 30, 'min_samples_split': 20}",0.46875,0.59375,0.65625,0.53125,0.4375,0.5375,0.08003905296791061,116
0.005996513366699219,4.6231077741778654e-07,0.004397535324096679,0.004314663932553952,entropy,3,20,20,"{'criterion': 'entropy', 'max_depth': 3, 'min_samples_leaf': 20, 'min_samples_split': 20}",0.46875,0.59375,0.65625,0.53125,0.4375,0.5375,0.08003905296791061,116
0.006196451187133789,0.0003998518381055636,0.0023984909057617188,0.0004896872689827718,entropy,3,20,10,"{'criterion': 'entropy', 'max_depth': 3, 'min_samples_leaf': 20, 'min_samples_split': 10}",0.46875,0.59375,0.65625,0.53125,0.4375,0.5375,0.08003905296791061,116
0.005996847152709961,0.0006315806101165248,0.0027979373931884765,0.0007479716149663868,entropy,4,20,10,"{'criterion': 'entropy', 'max_depth': 4, 'min_samples_leaf': 20, 'min_samples_split': 10}",0.46875,0.59375,0.65625,0.53125,0.4375,0.5375,0.08003905296791061,116
0.005996561050415039,2.4314019744838644e-07,0.0029981136322021484,0.0006322589029829986,entropy,4,20,20,"{'criterion': 'entropy', 'max_depth': 4, 'min_samples_leaf': 20, 'min_samples_split': 20}",0.46875,0.59375,0.65625,0.53125,0.4375,0.5375,0.08003905296791061,116
0.0059964656829833984,5.223489356090222e-07,0.003198099136352539,0.0003997326323827616,entropy,4,20,30,"{'criterion': 'entropy', 'max_depth': 4, 'min_samples_leaf': 20, 'min_samples_split': 30}",0.46875,0.59375,0.65625,0.53125,0.4375,0.5375,0.08003905296791061,116
0.007595682144165039,0.002726152021022257,0.0027985572814941406,0.0007476911100076315,entropy,4,20,40,"{'criterion': 'entropy', 'max_depth': 4, 'min_samples_leaf': 20, 'min_samples_split': 40}",0.46875,0.59375,0.65625,0.53125,0.4375,0.5375,0.08003905296791061,116
0.00799546241760254,0.003997874266702476,0.002398824691772461,0.0004898042090126898,entropy,4,20,50,"{'criterion': 'entropy', 'max_depth': 4, 'min_samples_leaf': 20, 'min_samples_split': 50}",0.46875,0.59375,0.65625,0.53125,0.4375,0.5375,0.08003905296791061,116
0.006196784973144531,0.000979170090908799,0.002798128128051758,0.0003998518949700412,entropy,2,30,50,"{'criterion': 'entropy', 'max_depth': 2, 'min_samples_leaf': 30, 'min_samples_split': 50}",0.46875,0.59375,0.65625,0.53125,0.4375,0.5375,0.08003905296791061,116
0.0059967517852783205,5.519789172549355e-07,0.002398395538330078,0.000489765167110052,entropy,2,30,40,"{'criterion': 'entropy', 'max_depth': 2, 'min_samples_leaf': 30, 'min_samples_split': 40}",0.46875,0.59375,0.65625,0.53125,0.4375,0.5375,0.08003905296791061,116
0.005996847152709961,3.568322550558034e-07,0.0027982234954833985,0.00039978035874948246,entropy,2,30,30,"{'criterion': 'entropy', 'max_depth': 2, 'min_samples_leaf': 30, 'min_samples_split': 30}",0.46875,0.59375,0.65625,0.53125,0.4375,0.5375,0.08003905296791061,116
0.005996227264404297,0.0006320327687246623,0.0029985904693603516,0.0006320327327496792,entropy,4,30,40,"{'criterion': 'entropy', 'max_depth': 4, 'min_samples_leaf': 30, 'min_samples_split': 40}",0.46875,0.59375,0.65625,0.53125,0.4375,0.5375,0.08003905296791061,116
0.005596256256103516,0.0004897651206850096,0.0027987003326416016,0.00039978030187482947,entropy,4,25,30,"{'criterion': 'entropy', 'max_depth': 4, 'min_samples_leaf': 25, 'min_samples_split': 30}",0.46875,0.59375,0.65625,0.53125,0.4375,0.5375,0.08003905296791061,116
0.005996417999267578,2.78041453115716e-07,0.0023987293243408203,0.0004895899137254485,entropy,5,30,20,"{'criterion': 'entropy', 'max_depth': 5, 'min_samples_leaf': 30, 'min_samples_split': 20}",0.46875,0.59375,0.65625,0.53125,0.4375,0.5375,0.08003905296791061,116
0.006196212768554687,0.00040009034190725254,0.0025985240936279297,0.0004894926320069067,entropy,5,30,40,"{'criterion': 'entropy', 'max_depth': 5, 'min_samples_leaf': 30, 'min_samples_split': 40}",0.46875,0.59375,0.65625,0.53125,0.4375,0.5375,0.08003905296791061,116
0.00619664192199707,0.00039951822286341833,0.0025983333587646486,0.0004895316120402597,entropy,5,25,30,"{'criterion': 'entropy', 'max_depth': 5, 'min_samples_leaf': 25, 'min_samples_split': 30}",0.46875,0.59375,0.65625,0.53125,0.4375,0.5375,0.08003905296791061,116
0.005996417999267578,3.504023183989303e-07,0.0025986671447753907,0.000489609409545489,entropy,5,25,40,"{'criterion': 'entropy', 'max_depth': 5, 'min_samples_leaf': 25, 'min_samples_split': 40}",0.46875,0.59375,0.65625,0.53125,0.4375,0.5375,0.08003905296791061,116
0.005996227264404297,1.5078914929239175e-07,0.0021985530853271484,0.000400018706226792,entropy,5,25,50,"{'criterion': 'entropy', 'max_depth': 5, 'min_samples_leaf': 25, 'min_samples_split': 50}",0.46875,0.59375,0.65625,0.53125,0.4375,0.5375,0.08003905296791061,116
0.0057967185974121095,0.0003997328599084548,0.002598428726196289,0.0004893174947620259,entropy,5,30,10,"{'criterion': 'entropy', 'max_depth': 5, 'min_samples_leaf': 30, 'min_samples_split': 10}",0.46875,0.59375,0.65625,0.53125,0.4375,0.5375,0.08003905296791061,116
0.0069959163665771484,0.001264178556796855,0.0033978939056396483,0.0007993221922989744,entropy,6,25,30,"{'criterion': 'entropy', 'max_depth': 6, 'min_samples_leaf': 25, 'min_samples_split': 30}",0.46875,0.59375,0.65625,0.53125,0.4375,0.5375,0.08003905296791061,116
0.005996417999267578,2.3360154559928684e-07,0.0029985904693603516,0.0006319573246844138,entropy,5,30,30,"{'criterion': 'entropy', 'max_depth': 5, 'min_samples_leaf': 30, 'min_samples_split': 30}",0.46875,0.59375,0.65625,0.53125,0.4375,0.5375,0.08003905296791061,116
0.0059964656829833984,1.5078914929239175e-07,0.0027984619140625,0.00039989949338787065,entropy,5,30,50,"{'criterion': 'entropy', 'max_depth': 5, 'min_samples_leaf': 30, 'min_samples_split': 50}",0.46875,0.59375,0.65625,0.53125,0.4375,0.5375,0.08003905296791061,116
0.008794355392456054,0.00461871178761642,0.0033987998962402345,0.0013558404610151066,entropy,6,20,10,"{'criterion': 'entropy', 'max_depth': 6, 'min_samples_leaf': 20, 'min_samples_split': 10}",0.46875,0.59375,0.65625,0.53125,0.4375,0.5375,0.08003905296791061,116
0.008195114135742188,0.0023140727939928653,0.002998161315917969,3.1629798797182086e-07,entropy,6,20,20,"{'criterion': 'entropy', 'max_depth': 6, 'min_samples_leaf': 20, 'min_samples_split': 20}",0.46875,0.59375,0.65625,0.53125,0.4375,0.5375,0.08003905296791061,116
0.00639653205871582,0.0004897847673698025,0.0027984619140625,0.0004001379687844432,entropy,6,30,40,"{'criterion': 'entropy', 'max_depth': 6, 'min_samples_leaf': 30, 'min_samples_split': 40}",0.46875,0.59375,0.65625,0.53125,0.4375,0.5375,0.08003905296791061,116
0.006196308135986328,0.00039968516200282006,0.0023985385894775392,0.0004895509801351308,entropy,6,30,30,"{'criterion': 'entropy', 'max_depth': 6, 'min_samples_leaf': 30, 'min_samples_split': 30}",0.46875,0.59375,0.65625,0.53125,0.4375,0.5375,0.08003905296791061,116
0.006596279144287109,0.0007994533167298747,0.002398252487182617,0.000489590053050404,entropy,6,30,20,"{'criterion': 'entropy', 'max_depth': 6, 'min_samples_leaf': 30, 'min_samples_split': 20}",0.46875,0.59375,0.65625,0.53125,0.4375,0.5375,0.08003905296791061,116
0.006795835494995117,0.0007477421121015818,0.0031983375549316405,0.00040009031349195985,entropy,6,30,10,"{'criterion': 'entropy', 'max_depth': 6, 'min_samples_leaf': 30, 'min_samples_split': 10}",0.46875,0.59375,0.65625,0.53125,0.4375,0.5375,0.08003905296791061,116
0.006196355819702149,0.00039954189753984605,0.002998208999633789,0.0006322589317526901,entropy,6,25,50,"{'criterion': 'entropy', 'max_depth': 6, 'min_samples_leaf': 25, 'min_samples_split': 50}",0.46875,0.59375,0.65625,0.53125,0.4375,0.5375,0.08003905296791061,116
0.0067961692810058595,0.0009791409016011636,0.00219874382019043,0.00039992339565285114,entropy,5,25,20,"{'criterion': 'entropy', 'max_depth': 5, 'min_samples_leaf': 25, 'min_samples_split': 20}",0.46875,0.59375,0.65625,0.53125,0.4375,0.5375,0.08003905296791061,116
0.006196308135986328,0.0003996849913381978,0.0027984142303466796,0.0007477165263440625,entropy,5,25,10,"{'criterion': 'entropy', 'max_depth': 5, 'min_samples_leaf': 25, 'min_samples_split': 10}",0.46875,0.59375,0.65625,0.53125,0.4375,0.5375,0.08003905296791061,116
0.00579686164855957,0.0004001619420355638,0.0029981136322021484,4.264961199760036e-07,entropy,5,20,50,"{'criterion': 'entropy', 'max_depth': 5, 'min_samples_leaf': 20, 'min_samples_split': 50}",0.46875,0.59375,0.65625,0.53125,0.4375,0.5375,0.08003905296791061,116
0.0065958499908447266,0.0011993647605142192,0.0031983375549316405,0.0003997326608234803,entropy,6,30,50,"{'criterion': 'entropy', 'max_depth': 6, 'min_samples_leaf': 30, 'min_samples_split': 50}",0.46875,0.59375,0.65625,0.53125,0.4375,0.5375,0.08003905296791061,116
0.005996274948120117,9.536743164062499e-08,0.0025986194610595702,0.0004899597886342959,entropy,5,20,40,"{'criterion': 'entropy', 'max_depth': 5, 'min_samples_leaf': 20, 'min_samples_split': 40}",0.46875,0.59375,0.65625,0.53125,0.4375,0.5375,0.08003905296791061,116
0.006196451187133789,0.0003996134195497866,0.0027983665466308595,0.0007480223912376666,entropy,5,20,30,"{'criterion': 'entropy', 'max_depth': 5, 'min_samples_leaf': 20, 'min_samples_split': 30}",0.46875,0.59375,0.65625,0.53125,0.4375,0.5375,0.08003905296791061,116
0.0067962646484375,0.0007480478510302847,0.0025982379913330076,0.0007993340967819859,entropy,5,20,20,"{'criterion': 'entropy', 'max_depth': 5, 'min_samples_leaf': 20, 'min_samples_split': 20}",0.46875,0.59375,0.65625,0.53125,0.4375,0.5375,0.08003905296791061,116
0.006596183776855469,0.001199078601355665,0.002798318862915039,0.0007480734193768575,entropy,5,20,10,"{'criterion': 'entropy', 'max_depth': 5, 'min_samples_leaf': 20, 'min_samples_split': 10}",0.46875,0.59375,0.65625,0.53125,0.4375,0.5375,0.08003905296791061,116
0.00719599723815918,0.001165271808057973,0.00319819450378418,0.0009793160940496093,entropy,6,20,30,"{'criterion': 'entropy', 'max_depth': 6, 'min_samples_leaf': 20, 'min_samples_split': 30}",0.46875,0.59375,0.65625,0.53125,0.4375,0.5375,0.08003905296791061,116
0.0059964656829833984,5.001110306597479e-07,0.0033978939056396483,0.0007994413429182437,entropy,6,20,40,"{'criterion': 'entropy', 'max_depth': 6, 'min_samples_leaf': 20, 'min_samples_split': 40}",0.46875,0.59375,0.65625,0.53125,0.4375,0.5375,0.08003905296791061,116
0.006996059417724609,0.0019987106493882453,0.002998208999633789,3.2340669551493016e-07,entropy,6,20,50,"{'criterion': 'entropy', 'max_depth': 6, 'min_samples_leaf': 20, 'min_samples_split': 50}",0.46875,0.59375,0.65625,0.53125,0.4375,0.5375,0.08003905296791061,116
0.00659632682800293,0.0011993647225985347,0.0029982566833496095,3.2340669551493016e-07,entropy,6,25,10,"{'criterion': 'entropy', 'max_depth': 6, 'min_samples_leaf': 25, 'min_samples_split': 10}",0.46875,0.59375,0.65625,0.53125,0.4375,0.5375,0.08003905296791061,116
0.007195806503295899,0.0014692759423305603,0.0027985572814941406,0.0007476911556227923,entropy,6,25,20,"{'criterion': 'entropy', 'max_depth': 6, 'min_samples_leaf': 25, 'min_samples_split': 20}",0.46875,0.59375,0.65625,0.53125,0.4375,0.5375,0.08003905296791061,116
0.0059966564178466795,0.0006323343541912204,0.0025985240936279297,0.0004895900298295808,entropy,6,25,40,"{'criterion': 'entropy', 'max_depth': 6, 'min_samples_leaf': 25, 'min_samples_split': 40}",0.46875,0.59375,0.65625,0.53125,0.4375,0.5375,0.08003905296791061,116
0.005996417999267578,2.78041453115716e-07,0.0027984142303466796,0.00039987581145239476,entropy,3,15,50,"{'criterion': 'entropy', 'max_depth': 3, 'min_samples_leaf': 15, 'min_samples_split': 50}",0.46875,0.59375,0.65625,0.5,0.4375,0.53125,0.08149003006503311,195
0.005996227264404297,1.5078914929239175e-07,0.002398777008056641,0.0004896483663515566,entropy,3,15,40,"{'criterion': 'entropy', 'max_depth': 3, 'min_samples_leaf': 15, 'min_samples_split': 40}",0.46875,0.59375,0.65625,0.5,0.4375,0.53125,0.08149003006503311,195
0.007795524597167969,0.0019378395611421128,0.002198648452758789,0.00039985192340227706,gini,3,20,30,"{'criterion': 'gini', 'max_depth': 3, 'min_samples_leaf': 20, 'min_samples_split': 30}",0.53125,0.59375,0.53125,0.5,0.5,0.53125,0.03423265984407288,195
0.006795930862426758,0.0015990495992809907,0.002398681640625,0.0004894342025923958,gini,3,20,20,"{'criterion': 'gini', 'max_depth': 3, 'min_samples_leaf': 20, 'min_samples_split': 20}",0.53125,0.59375,0.53125,0.5,0.5,0.53125,0.03423265984407288,195
0.006596040725708008,0.001199507726349834,0.0025987148284912108,0.0004895510730258258,entropy,4,35,40,"{'criterion': 'entropy', 'max_depth': 4, 'min_samples_leaf': 35, 'min_samples_split': 40}",0.53125,0.5625,0.65625,0.46875,0.4375,0.53125,0.07654655446197431,195
0.005796909332275391,0.0003997088438569229,0.003597927093505859,0.002243765480963556,gini,5,20,50,"{'criterion': 'gini', 'max_depth': 5, 'min_samples_leaf': 20, 'min_samples_split': 50}",0.46875,0.59375,0.59375,0.5,0.5,0.53125,0.05229125165837972,195
0.006396198272705078,0.0004895704914386467,0.0027983665466308595,0.0007479586467669426,entropy,4,15,40,"{'criterion': 'entropy', 'max_depth': 4, 'min_samples_leaf': 15, 'min_samples_split': 40}",0.46875,0.59375,0.65625,0.5,0.4375,0.53125,0.08149003006503311,195
0.008794593811035156,0.002636941675055208,0.0033983230590820313,0.0007992267964257657,entropy,6,35,10,"{'criterion': 'entropy', 'max_depth': 6, 'min_samples_leaf': 35, 'min_samples_split': 10}",0.53125,0.5625,0.65625,0.46875,0.4375,0.53125,0.07654655446197431,195
0.005996513366699219,0.0006317312156442003,0.0027983665466308595,0.0007485321819557921,gini,3,20,40,"{'criterion': 'gini', 'max_depth': 3, 'min_samples_leaf': 20, 'min_samples_split': 40}",0.53125,0.59375,0.53125,0.5,0.5,0.53125,0.03423265984407288,195
0.007395362854003907,0.0010191877039674724,0.0031981468200683594,0.0003995899937884303,entropy,6,35,20,"{'criterion': 'entropy', 'max_depth': 6, 'min_samples_leaf': 35, 'min_samples_split': 20}",0.53125,0.5625,0.65625,0.46875,0.4375,0.53125,0.07654655446197431,195
0.0067958831787109375,0.0003997088154145095,0.0023987293243408203,0.0004892006010615858,entropy,6,35,30,"{'criterion': 'entropy', 'max_depth': 6, 'min_samples_leaf': 35, 'min_samples_split': 30}",0.53125,0.5625,0.65625,0.46875,0.4375,0.53125,0.07654655446197431,195
0.007795476913452148,0.0019380313873764434,0.0031982898712158204,0.0003998758967439946,entropy,6,35,40,"{'criterion': 'entropy', 'max_depth': 6, 'min_samples_leaf': 35, 'min_samples_split': 40}",0.53125,0.5625,0.65625,0.46875,0.4375,0.53125,0.07654655446197431,195
0.006396436691284179,0.0013554537328958707,0.0031979560852050783,0.000978926750403771,entropy,6,35,50,"{'criterion': 'entropy', 'max_depth': 6, 'min_samples_leaf': 35, 'min_samples_split': 50}",0.53125,0.5625,0.65625,0.46875,0.4375,0.53125,0.07654655446197431,195
0.00659632682800293,0.0007993579421940449,0.0027983665466308595,0.00039997109357208085,entropy,3,35,10,"{'criterion': 'entropy', 'max_depth': 3, 'min_samples_leaf': 35, 'min_samples_split': 10}",0.53125,0.5625,0.65625,0.46875,0.4375,0.53125,0.07654655446197431,195
0.005996417999267578,0.0006321837808538049,0.0027984619140625,0.00040013845178661384,entropy,3,35,20,"{'criterion': 'entropy', 'max_depth': 3, 'min_samples_leaf': 35, 'min_samples_split': 20}",0.53125,0.5625,0.65625,0.46875,0.4375,0.53125,0.07654655446197431,195
0.0059963703155517575,0.0006321082145516414,0.0025985240936279297,0.0004896873154151949,entropy,3,35,30,"{'criterion': 'entropy', 'max_depth': 3, 'min_samples_leaf': 35, 'min_samples_split': 30}",0.53125,0.5625,0.65625,0.46875,0.4375,0.53125,0.07654655446197431,195
0.005796623229980469,0.0009793161172672073,0.002598476409912109,0.0004897456635623499,gini,3,20,10,"{'criterion': 'gini', 'max_depth': 3, 'min_samples_leaf': 20, 'min_samples_split': 10}",0.53125,0.59375,0.53125,0.5,0.5,0.53125,0.03423265984407288,195
0.007394075393676758,0.0033217525862622352,0.00259857177734375,0.0004899209169248172,entropy,2,35,20,"{'criterion': 'entropy', 'max_depth': 2, 'min_samples_leaf': 35, 'min_samples_split': 20}",0.53125,0.5625,0.65625,0.46875,0.4375,0.53125,0.07654655446197431,195
0.005796623229980469,0.00039968493444997424,0.0027983665466308595,0.00039997103672454983,entropy,5,35,30,"{'criterion': 'entropy', 'max_depth': 5, 'min_samples_leaf': 35, 'min_samples_split': 30}",0.53125,0.5625,0.65625,0.46875,0.4375,0.53125,0.07654655446197431,195
0.006196355819702149,0.0011656315552436964,0.0023984909057617188,0.000489590053050404,entropy,5,35,40,"{'criterion': 'entropy', 'max_depth': 5, 'min_samples_leaf': 35, 'min_samples_split': 40}",0.53125,0.5625,0.65625,0.46875,0.4375,0.53125,0.07654655446197431,195
0.005996417999267578,0.0006321835650554364,0.0027985572814941406,0.00039994720552788215,entropy,4,35,20,"{'criterion': 'entropy', 'max_depth': 4, 'min_samples_leaf': 35, 'min_samples_split': 20}",0.53125,0.5625,0.65625,0.46875,0.4375,0.53125,0.07654655446197431,195
0.0057967185974121095,0.0003998518381055636,0.002598476409912109,0.0004898429878647237,entropy,4,35,10,"{'criterion': 'entropy', 'max_depth': 4, 'min_samples_leaf': 35, 'min_samples_split': 10}",0.53125,0.5625,0.65625,0.46875,0.4375,0.53125,0.07654655446197431,195
0.005996322631835938,3.2340669551493016e-07,0.0023987293243408203,0.0004897846048886376,entropy,4,35,50,"{'criterion': 'entropy', 'max_depth': 4, 'min_samples_leaf': 35, 'min_samples_split': 50}",0.53125,0.5625,0.65625,0.46875,0.4375,0.53125,0.07654655446197431,195
0.00659637451171875,0.0004895315191458719,0.0021986961364746094,0.0003997088154145095,entropy,5,15,40,"{'criterion': 'entropy', 'max_depth': 5, 'min_samples_leaf': 15, 'min_samples_split': 40}",0.46875,0.59375,0.65625,0.5,0.4375,0.53125,0.08149003006503311,195
0.006196498870849609,0.0003994703968757247,0.002598476409912109,0.0004894537139056069,entropy,5,15,50,"{'criterion': 'entropy', 'max_depth': 5, 'min_samples_leaf': 15, 'min_samples_split': 50}",0.46875,0.59375,0.65625,0.5,0.4375,0.53125,0.08149003006503311,195
0.006196403503417968,0.000399756612878343,0.002398681640625,0.0004896289092330497,entropy,3,35,50,"{'criterion': 'entropy', 'max_depth': 3, 'min_samples_leaf': 35, 'min_samples_split': 50}",0.53125,0.5625,0.65625,0.46875,0.4375,0.53125,0.07654655446197431,195
0.006596279144287109,0.0004900376712804197,0.0023985862731933593,0.0004899987222241536,gini,6,20,50,"{'criterion': 'gini', 'max_depth': 6, 'min_samples_leaf': 20, 'min_samples_split': 50}",0.46875,0.59375,0.59375,0.5,0.5,0.53125,0.05229125165837972,195
0.006396293640136719,0.0007996559569575481,0.0023985862731933593,0.0004895121317013901,gini,4,20,50,"{'criterion': 'gini', 'max_depth': 4, 'min_samples_leaf': 20, 'min_samples_split': 50}",0.46875,0.59375,0.59375,0.5,0.5,0.53125,0.05229125165837972,195
0.005996322631835938,1.1680077279964342e-07,0.00259857177734375,0.0004899208473093904,entropy,5,35,10,"{'criterion': 'entropy', 'max_depth': 5, 'min_samples_leaf': 35, 'min_samples_split': 10}",0.53125,0.5625,0.65625,0.46875,0.4375,0.53125,0.07654655446197431,195
0.005597114562988281,0.000490076682194939,0.0025980472564697266,0.0004897846745234291,entropy,5,35,20,"{'criterion': 'entropy', 'max_depth': 5, 'min_samples_leaf': 35, 'min_samples_split': 20}",0.53125,0.5625,0.65625,0.46875,0.4375,0.53125,0.07654655446197431,195
0.005796480178833008,0.0007480223608410258,0.0025986194610595702,0.0004894731594072342,entropy,3,35,40,"{'criterion': 'entropy', 'max_depth': 3, 'min_samples_leaf': 35, 'min_samples_split': 40}",0.53125,0.5625,0.65625,0.46875,0.4375,0.53125,0.07654655446197431,195
0.0059966564178466795,3.814697265625e-07,0.0023987293243408203,0.000489590053050404,entropy,5,35,50,"{'criterion': 'entropy', 'max_depth': 5, 'min_samples_leaf': 35, 'min_samples_split': 50}",0.53125,0.5625,0.65625,0.46875,0.4375,0.53125,0.07654655446197431,195
0.0067957878112792965,0.0015992403341405623,0.0027984142303466796,0.0003999949460831842,entropy,6,15,40,"{'criterion': 'entropy', 'max_depth': 6, 'min_samples_leaf': 15, 'min_samples_split': 40}",0.46875,0.59375,0.65625,0.5,0.4375,0.53125,0.08149003006503311,195
0.0071961402893066405,0.0007479587379646295,0.0035976886749267576,0.0011998654217237352,entropy,6,15,50,"{'criterion': 'entropy', 'max_depth': 6, 'min_samples_leaf': 15, 'min_samples_split': 50}",0.46875,0.59375,0.65625,0.5,0.4375,0.53125,0.08149003006503311,195
0.006196117401123047,0.0009792090690045028,0.004998683929443359,0.004513416693241042,entropy,2,35,10,"{'criterion': 'entropy', 'max_depth': 2, 'min_samples_leaf': 35, 'min_samples_split': 10}",0.53125,0.5625,0.65625,0.46875,0.4375,0.53125,0.07654655446197431,195
0.008794736862182618,0.0055961847312916,0.0025987625122070312,0.0004899794739182331,entropy,4,35,30,"{'criterion': 'entropy', 'max_depth': 4, 'min_samples_leaf': 35, 'min_samples_split': 30}",0.53125,0.5625,0.65625,0.46875,0.4375,0.53125,0.07654655446197431,195
0.005796623229980469,0.0003999234525071541,0.0025986194610595702,0.0004894732058599682,entropy,2,35,30,"{'criterion': 'entropy', 'max_depth': 2, 'min_samples_leaf': 35, 'min_samples_split': 30}",0.53125,0.5625,0.65625,0.46875,0.4375,0.53125,0.07654655446197431,195
0.005797004699707032,0.0003998757261607768,0.0025983333587646486,0.0007996798610115682,entropy,2,35,40,"{'criterion': 'entropy', 'max_depth': 2, 'min_samples_leaf': 35, 'min_samples_split': 40}",0.53125,0.5625,0.65625,0.46875,0.4375,0.53125,0.07654655446197431,195
0.006796073913574219,0.0015992164967261835,0.0025985240936279297,0.0004897847209466181,entropy,2,35,50,"{'criterion': 'entropy', 'max_depth': 2, 'min_samples_leaf': 35, 'min_samples_split': 50}",0.53125,0.5625,0.65625,0.46875,0.4375,0.53125,0.07654655446197431,195
0.006396198272705078,0.0007998229121402769,0.0025986194610595702,0.0007997036193466434,entropy,4,15,50,"{'criterion': 'entropy', 'max_depth': 4, 'min_samples_leaf': 15, 'min_samples_split': 50}",0.46875,0.59375,0.65625,0.5,0.4375,0.53125,0.08149003006503311,195
0.005796623229980469,0.0003998044671862346,0.002998161315917969,0.001094886953319724,gini,2,40,40,"{'criterion': 'gini', 'max_depth': 2, 'min_samples_leaf': 40, 'min_samples_split': 40}",0.375,0.625,0.625,0.46875,0.53125,0.525,0.09560661587986471,235
0.006196403503417968,0.00040011447144533635,0.00279850959777832,0.0004001619988559746,gini,2,40,10,"{'criterion': 'gini', 'max_depth': 2, 'min_samples_leaf': 40, 'min_samples_split': 10}",0.375,0.625,0.625,0.46875,0.53125,0.525,0.09560661587986471,235
0.007395792007446289,0.0038240886045814693,0.002998208999633789,4.672030911985737e-07,gini,2,40,20,"{'criterion': 'gini', 'max_depth': 2, 'min_samples_leaf': 40, 'min_samples_split': 20}",0.375,0.625,0.625,0.46875,0.53125,0.525,0.09560661587986471,235
0.005996513366699219,0.0006319573858491815,0.0023984909057617188,0.0004898819678685542,gini,2,40,50,"{'criterion': 'gini', 'max_depth': 2, 'min_samples_leaf': 40, 'min_samples_split': 50}",0.375,0.625,0.625,0.46875,0.53125,0.525,0.09560661587986471,235
0.0059966564178466795,0.0006318066506962751,0.0029979705810546874,0.0006321081426102607,gini,2,40,30,"{'criterion': 'gini', 'max_depth': 2, 'min_samples_leaf': 40, 'min_samples_split': 30}",0.375,0.625,0.625,0.46875,0.53125,0.525,0.09560661587986471,235
0.00579686164855957,0.0007481243498187796,0.002398252487182617,0.0004897846281002358,gini,4,40,50,"{'criterion': 'gini', 'max_depth': 4, 'min_samples_leaf': 40, 'min_samples_split': 50}",0.375,0.625,0.625,0.46875,0.53125,0.525,0.09560661587986471,235
0.005596590042114258,0.0004897456635623499,0.0023986339569091798,0.0004898624875375237,gini,5,40,20,"{'criterion': 'gini', 'max_depth': 5, 'min_samples_leaf': 40, 'min_samples_split': 20}",0.375,0.625,0.625,0.46875,0.53125,0.525,0.09560661587986471,235
0.005996513366699219,0.0006323343901490435,0.0027982711791992186,0.0007478057686111031,gini,5,40,40,"{'criterion': 'gini', 'max_depth': 5, 'min_samples_leaf': 40, 'min_samples_split': 40}",0.375,0.625,0.625,0.46875,0.53125,0.525,0.09560661587986471,235
0.006396102905273438,0.0018536585952385533,0.002398824691772461,0.0004895120620278284,gini,6,40,20,"{'criterion': 'gini', 'max_depth': 6, 'min_samples_leaf': 40, 'min_samples_split': 20}",0.375,0.625,0.625,0.46875,0.53125,0.525,0.09560661587986471,235
0.005596446990966797,0.000489628932452029,0.002398777008056641,0.0004897456635623499,gini,6,40,30,"{'criterion': 'gini', 'max_depth': 6, 'min_samples_leaf': 40, 'min_samples_split': 30}",0.375,0.625,0.625,0.46875,0.53125,0.525,0.09560661587986471,235
0.005596637725830078,0.0004897846513118331,0.002598428726196289,0.0004898041161700017,gini,6,40,40,"{'criterion': 'gini', 'max_depth': 6, 'min_samples_leaf': 40, 'min_samples_split': 40}",0.375,0.625,0.625,0.46875,0.53125,0.525,0.09560661587986471,235
0.005596780776977539,0.0004898040697486511,0.0027984142303466796,0.00039999486081696955,gini,6,40,50,"{'criterion': 'gini', 'max_depth': 6, 'min_samples_leaf': 40, 'min_samples_split': 50}",0.375,0.625,0.625,0.46875,0.53125,0.525,0.09560661587986471,235
0.006796407699584961,0.0015990496135002915,0.0021984100341796873,0.00039985186653780343,gini,5,40,30,"{'criterion': 'gini', 'max_depth': 5, 'min_samples_leaf': 40, 'min_samples_split': 30}",0.375,0.625,0.625,0.46875,0.53125,0.525,0.09560661587986471,235
0.005996513366699219,0.0006320327579321676,0.004797124862670898,0.004115850900883642,gini,3,40,50,"{'criterion': 'gini', 'max_depth': 3, 'min_samples_leaf': 40, 'min_samples_split': 50}",0.375,0.625,0.625,0.46875,0.53125,0.525,0.09560661587986471,235
0.00779576301574707,0.004115864788503289,0.002598094940185547,0.0004899209169248172,gini,3,40,40,"{'criterion': 'gini', 'max_depth': 3, 'min_samples_leaf': 40, 'min_samples_split': 40}",0.375,0.625,0.625,0.46875,0.53125,0.525,0.09560661587986471,235
0.006196498870849609,0.0011657297213673154,0.0031982898712158204,0.0007481625704475059,gini,3,40,30,"{'criterion': 'gini', 'max_depth': 3, 'min_samples_leaf': 40, 'min_samples_split': 30}",0.375,0.625,0.625,0.46875,0.53125,0.525,0.09560661587986471,235
0.0057967185974121095,0.0003997326608234803,0.0025982379913330076,0.0004896483431334988,gini,3,40,20,"{'criterion': 'gini', 'max_depth': 3, 'min_samples_leaf': 40, 'min_samples_split': 20}",0.375,0.625,0.625,0.46875,0.53125,0.525,0.09560661587986471,235
0.005796480178833008,0.0003998520086989724,0.0023987293243408203,0.0004895901227128668,gini,3,40,10,"{'criterion': 'gini', 'max_depth': 3, 'min_samples_leaf': 40, 'min_samples_split': 10}",0.375,0.625,0.625,0.46875,0.53125,0.525,0.09560661587986471,235
0.005596733093261719,0.000489765167110052,0.002598428726196289,0.000489706714496402,gini,5,40,50,"{'criterion': 'gini', 'max_depth': 5, 'min_samples_leaf': 40, 'min_samples_split': 50}",0.375,0.625,0.625,0.46875,0.53125,0.525,0.09560661587986471,235
0.005396842956542969,0.0004899792882992587,0.003597927093505859,0.0017426073112340379,gini,6,40,10,"{'criterion': 'gini', 'max_depth': 6, 'min_samples_leaf': 40, 'min_samples_split': 10}",0.375,0.625,0.625,0.46875,0.53125,0.525,0.09560661587986471,235
0.005796909332275391,0.00039982799980422667,0.002598285675048828,0.0004894925855560162,gini,5,40,10,"{'criterion': 'gini', 'max_depth': 5, 'min_samples_leaf': 40, 'min_samples_split': 10}",0.375,0.625,0.625,0.46875,0.53125,0.525,0.09560661587986471,235
0.0059967041015625,3.015782985847835e-07,0.0023983478546142577,0.0004896093863255838,gini,4,40,10,"{'criterion': 'gini', 'max_depth': 4, 'min_samples_leaf': 40, 'min_samples_split': 10}",0.375,0.625,0.625,0.46875,0.53125,0.525,0.09560661587986471,235
0.005596828460693359,0.0004896483663515566,0.0025983810424804687,0.0004896678737746217,gini,4,40,20,"{'criterion': 'gini', 'max_depth': 4, 'min_samples_leaf': 40, 'min_samples_split': 20}",0.375,0.625,0.625,0.46875,0.53125,0.525,0.09560661587986471,235
0.00599522590637207,0.0010949332520622558,0.0027997493743896484,0.000400553288787176,gini,4,40,30,"{'criterion': 'gini', 'max_depth': 4, 'min_samples_leaf': 40, 'min_samples_split': 30}",0.375,0.625,0.625,0.46875,0.53125,0.525,0.09560661587986471,235
0.00579676628112793,0.00039975652756129296,0.0023983478546142577,0.0004896093863255838,gini,4,40,40,"{'criterion': 'gini', 'max_depth': 4, 'min_samples_leaf': 40, 'min_samples_split': 40}",0.375,0.625,0.625,0.46875,0.53125,0.525,0.09560661587986471,235
0.006595993041992187,0.0004896097346240452,0.003597879409790039,0.001199650786972402,gini,2,25,50,"{'criterion': 'gini', 'max_depth': 2, 'min_samples_leaf': 25, 'min_samples_split': 50}",0.46875,0.59375,0.59375,0.5,0.4375,0.51875,0.06434768838116875,260
0.006196308135986328,0.000399804154394406,0.0029985904693603516,0.0006322589029829986,gini,2,20,10,"{'criterion': 'gini', 'max_depth': 2, 'min_samples_leaf': 20, 'min_samples_split': 10}",0.46875,0.59375,0.59375,0.4375,0.5,0.51875,0.06434768838116875,260
0.0059970378875732425,4.156969970265077e-07,0.002798032760620117,0.0003998045524930546,gini,2,20,20,"{'criterion': 'gini', 'max_depth': 2, 'min_samples_leaf': 20, 'min_samples_split': 20}",0.46875,0.59375,0.59375,0.4375,0.5,0.51875,0.06434768838116875,260
0.005796575546264648,0.0007476019209638572,0.0027982711791992186,0.0003999235093614491,gini,2,20,30,"{'criterion': 'gini', 'max_depth': 2, 'min_samples_leaf': 20, 'min_samples_split': 30}",0.46875,0.59375,0.59375,0.4375,0.5,0.51875,0.06434768838116875,260
0.005397367477416992,0.0004898435448763827,0.002997589111328125,1.1911388394161984e-06,gini,2,20,40,"{'criterion': 'gini', 'max_depth': 2, 'min_samples_leaf': 20, 'min_samples_split': 40}",0.46875,0.59375,0.59375,0.4375,0.5,0.51875,0.06434768838116875,260
0.005596590042114258,0.0007998710506706392,0.0021989822387695314,0.0007471055226028446,gini,2,20,50,"{'criterion': 'gini', 'max_depth': 2, 'min_samples_leaf': 20, 'min_samples_split': 50}",0.46875,0.59375,0.59375,0.4375,0.5,0.51875,0.06434768838116875,260
0.005396413803100586,0.0004899410121644717,0.002398777008056641,0.0004899406176931024,gini,2,25,10,"{'criterion': 'gini', 'max_depth': 2, 'min_samples_leaf': 25, 'min_samples_split': 10}",0.46875,0.59375,0.59375,0.5,0.4375,0.51875,0.06434768838116875,260
0.005796670913696289,0.000748200928914986,0.002798652648925781,0.0003998757261607768,gini,2,25,20,"{'criterion': 'gini', 'max_depth': 2, 'min_samples_leaf': 25, 'min_samples_split': 20}",0.46875,0.59375,0.59375,0.5,0.4375,0.51875,0.06434768838116875,260
0.007195854187011718,0.0011656235965730628,0.004397010803222657,0.0011992536965422429,gini,2,10,10,"{'criterion': 'gini', 'max_depth': 2, 'min_samples_leaf': 10, 'min_samples_split': 10}",0.5,0.59375,0.5,0.5,0.5,0.51875,0.037500000000000006,260
0.00839390754699707,0.0007989883849716994,0.003199338912963867,0.0004007849928597498,gini,2,10,20,"{'criterion': 'gini', 'max_depth': 2, 'min_samples_leaf': 10, 'min_samples_split': 20}",0.5,0.59375,0.5,0.5,0.5,0.51875,0.037500000000000006,260
0.006196737289428711,0.000399947376080613,0.0027982711791992186,0.00039980421126566574,gini,2,25,40,"{'criterion': 'gini', 'max_depth': 2, 'min_samples_leaf': 25, 'min_samples_split': 40}",0.46875,0.59375,0.59375,0.5,0.4375,0.51875,0.06434768838116875,260
0.00639653205871582,0.001355566214521605,0.0027984142303466796,0.0003998758398829301,gini,3,20,50,"{'criterion': 'gini', 'max_depth': 3, 'min_samples_leaf': 20, 'min_samples_split': 50}",0.46875,0.59375,0.53125,0.5,0.5,0.51875,0.042389562394532926,260
0.007795524597167969,0.0015993357228954843,0.0025977611541748045,0.0004900378568772794,gini,2,10,50,"{'criterion': 'gini', 'max_depth': 2, 'min_samples_leaf': 10, 'min_samples_split': 50}",0.5,0.59375,0.5,0.5,0.5,0.51875,0.037500000000000006,260
0.006396245956420898,0.0004896289556710072,0.0035974979400634766,0.0011997223942761155,gini,2,10,40,"{'criterion': 'gini', 'max_depth': 2, 'min_samples_leaf': 10, 'min_samples_split': 40}",0.5,0.59375,0.5,0.5,0.5,0.51875,0.037500000000000006,260
0.007796859741210938,0.0007480361182344626,0.0029971122741699217,1.425735129139524e-06,gini,2,10,30,"{'criterion': 'gini', 'max_depth': 2, 'min_samples_leaf': 10, 'min_samples_split': 30}",0.5,0.59375,0.5,0.5,0.5,0.51875,0.037500000000000006,260
0.0059964656829833984,6.03156597169567e-07,0.0029984474182128905,2.431401974483864e-07,gini,2,25,30,"{'criterion': 'gini', 'max_depth': 2, 'min_samples_leaf': 25, 'min_samples_split': 30}",0.46875,0.59375,0.59375,0.5,0.4375,0.51875,0.06434768838116875,260
0.00699615478515625,0.0010948434417234229,0.0027979373931884765,0.00039939974303804574,gini,2,15,20,"{'criterion': 'gini', 'max_depth': 2, 'min_samples_leaf': 15, 'min_samples_split': 20}",0.46875,0.59375,0.5,0.5,0.5,0.5125,0.042389562394532926,276
0.0067958831787109375,0.0014682182125944371,0.0021982192993164062,0.0007478187759475645,gini,2,15,30,"{'criterion': 'gini', 'max_depth': 2, 'min_samples_leaf': 15, 'min_samples_split': 30}",0.46875,0.59375,0.5,0.5,0.5,0.5125,0.042389562394532926,276
0.005796480178833008,0.0007481501222128664,0.002598428726196289,0.0007992506507287712,gini,2,15,40,"{'criterion': 'gini', 'max_depth': 2, 'min_samples_leaf': 15, 'min_samples_split': 40}",0.46875,0.59375,0.5,0.5,0.5,0.5125,0.042389562394532926,276
0.0059969425201416016,0.0006317312624339995,0.0027985572814941406,0.0004005434967221662,gini,2,15,50,"{'criterion': 'gini', 'max_depth': 2, 'min_samples_leaf': 15, 'min_samples_split': 50}",0.46875,0.59375,0.5,0.5,0.5,0.5125,0.042389562394532926,276
0.006596899032592774,0.0004890856598813373,0.002598476409912109,0.0004895534185100329,gini,2,15,10,"{'criterion': 'gini', 'max_depth': 2, 'min_samples_leaf': 15, 'min_samples_split': 10}",0.46875,0.59375,0.5,0.5,0.5,0.5125,0.042389562394532926,276
0.006196308135986328,0.00039968493444997424,0.0031982421875,0.00039978030187482947,gini,4,30,50,"{'criterion': 'gini', 'max_depth': 4, 'min_samples_leaf': 30, 'min_samples_split': 50}",0.375,0.59375,0.625,0.5,0.4375,0.50625,0.09354143466934853,281
0.005198287963867188,0.000749338775311497,0.0025970458984375,0.0004914051898437205,gini,4,30,40,"{'criterion': 'gini', 'max_depth': 4, 'min_samples_leaf': 30, 'min_samples_split': 40}",0.375,0.59375,0.625,0.5,0.4375,0.50625,0.09354143466934853,281
0.005596828460693359,0.001019253088207026,0.0025983810424804687,0.0004898624643296147,gini,4,30,30,"{'criterion': 'gini', 'max_depth': 4, 'min_samples_leaf': 30, 'min_samples_split': 30}",0.375,0.59375,0.625,0.5,0.4375,0.50625,0.09354143466934853,281
0.005597877502441406,0.0007986102463992845,0.0029971122741699217,0.0006300745380186193,gini,4,30,20,"{'criterion': 'gini', 'max_depth': 4, 'min_samples_leaf': 30, 'min_samples_split': 20}",0.375,0.59375,0.625,0.5,0.4375,0.50625,0.09354143466934853,281
0.00539693832397461,0.000799429442876458,0.0023985862731933593,0.0004897067377116922,gini,4,30,10,"{'criterion': 'gini', 'max_depth': 4, 'min_samples_leaf': 30, 'min_samples_split': 10}",0.375,0.59375,0.625,0.5,0.4375,0.50625,0.09354143466934853,281
0.005996274948120117,0.0006319573498699071,0.0031984329223632814,0.0009793160940496093,gini,5,30,20,"{'criterion': 'gini', 'max_depth': 5, 'min_samples_leaf': 30, 'min_samples_split': 20}",0.375,0.59375,0.625,0.5,0.4375,0.50625,0.09354143466934853,281
0.006195926666259765,0.0009791019602702618,0.0023989200592041014,0.0004897262799526149,gini,5,30,50,"{'criterion': 'gini', 'max_depth': 5, 'min_samples_leaf': 30, 'min_samples_split': 50}",0.375,0.59375,0.625,0.5,0.4375,0.50625,0.09354143466934853,281
0.0059963703155517575,0.0006322589856958583,0.0025986671447753907,0.0004895120852523501,gini,5,30,40,"{'criterion': 'gini', 'max_depth': 5, 'min_samples_leaf': 30, 'min_samples_split': 40}",0.375,0.59375,0.625,0.5,0.4375,0.50625,0.09354143466934853,281
0.0057964324951171875,0.00039982802823816167,0.0025986194610595702,0.0004894731129544959,gini,5,30,30,"{'criterion': 'gini', 'max_depth': 5, 'min_samples_leaf': 30, 'min_samples_split': 30}",0.375,0.59375,0.625,0.5,0.4375,0.50625,0.09354143466934853,281
0.00579538345336914,0.0003991916993052468,0.002798318862915039,0.00039982802823816167,gini,4,25,40,"{'criterion': 'gini', 'max_depth': 4, 'min_samples_leaf': 25, 'min_samples_split': 40}",0.46875,0.59375,0.53125,0.5,0.4375,0.50625,0.053764532919016415,281
0.00559687614440918,0.0004897847209466181,0.002598428726196289,0.000489609525644998,gini,5,30,10,"{'criterion': 'gini', 'max_depth': 5, 'min_samples_leaf': 30, 'min_samples_split': 10}",0.375,0.59375,0.625,0.5,0.4375,0.50625,0.09354143466934853,281
0.0057967185974121095,0.0003997326608234803,0.0023985862731933593,0.000489609432765393,gini,5,25,50,"{'criterion': 'gini', 'max_depth': 5, 'min_samples_leaf': 25, 'min_samples_split': 50}",0.46875,0.59375,0.53125,0.5,0.4375,0.50625,0.053764532919016415,281
0.006995964050292969,0.0025281874308787336,0.0021985530853271484,0.00039978035874948246,gini,5,25,40,"{'criterion': 'gini', 'max_depth': 5, 'min_samples_leaf': 25, 'min_samples_split': 40}",0.46875,0.59375,0.53125,0.5,0.4375,0.50625,0.053764532919016415,281
0.00579686164855957,0.000399804154394406,0.0027982234954833985,0.0003996611032609397,gini,5,25,30,"{'criterion': 'gini', 'max_depth': 5, 'min_samples_leaf': 25, 'min_samples_split': 30}",0.46875,0.59375,0.53125,0.5,0.4375,0.50625,0.053764532919016415,281
0.005996417999267578,2.7804145311571603e-07,0.0025986194610595702,0.0004896678737746218,gini,5,25,20,"{'criterion': 'gini', 'max_depth': 5, 'min_samples_leaf': 25, 'min_samples_split': 20}",0.46875,0.59375,0.53125,0.5,0.4375,0.50625,0.053764532919016415,281
0.006795835494995117,0.002636753699372659,0.0025985240936279297,0.0004897845816770382,gini,5,25,10,"{'criterion': 'gini', 'max_depth': 5, 'min_samples_leaf': 25, 'min_samples_split': 10}",0.46875,0.59375,0.53125,0.5,0.4375,0.50625,0.053764532919016415,281
0.00699615478515625,0.0030312168158985095,0.0021982669830322267,0.00039992348093430264,gini,4,25,50,"{'criterion': 'gini', 'max_depth': 4, 'min_samples_leaf': 25, 'min_samples_split': 50}",0.46875,0.59375,0.53125,0.5,0.4375,0.50625,0.053764532919016415,281
0.005996179580688476,3.162979879718208e-07,0.00259857177734375,0.0004900182992216078,gini,3,25,50,"{'criterion': 'gini', 'max_depth': 3, 'min_samples_leaf': 25, 'min_samples_split': 50}",0.46875,0.59375,0.53125,0.5,0.4375,0.50625,0.053764532919016415,281
0.005996608734130859,0.0010945386708572187,0.0027998924255371095,0.00040014814011878264,gini,4,25,30,"{'criterion': 'gini', 'max_depth': 4, 'min_samples_leaf': 25, 'min_samples_split': 30}",0.46875,0.59375,0.53125,0.5,0.4375,0.50625,0.053764532919016415,281
0.00579676628112793,0.00039987566929968805,0.002598285675048828,0.0004893953309507619,gini,2,30,50,"{'criterion': 'gini', 'max_depth': 2, 'min_samples_leaf': 30, 'min_samples_split': 50}",0.375,0.59375,0.625,0.5,0.4375,0.50625,0.09354143466934853,281
0.006396245956420898,0.000799560546875,0.0027985572814941406,0.0003999472623788005,gini,3,25,30,"{'criterion': 'gini', 'max_depth': 3, 'min_samples_leaf': 25, 'min_samples_split': 30}",0.46875,0.59375,0.53125,0.5,0.4375,0.50625,0.053764532919016415,281
0.005796623229980469,0.0003995658496490155,0.002798318862915039,0.00039958956702512217,gini,3,25,20,"{'criterion': 'gini', 'max_depth': 3, 'min_samples_leaf': 25, 'min_samples_split': 20}",0.46875,0.59375,0.53125,0.5,0.4375,0.50625,0.053764532919016415,281
0.00619664192199707,0.0009792967327031132,0.0023984432220458983,0.0004896291182038237,gini,3,25,10,"{'criterion': 'gini', 'max_depth': 3, 'min_samples_leaf': 25, 'min_samples_split': 10}",0.46875,0.59375,0.53125,0.5,0.4375,0.50625,0.053764532919016415,281
0.005796623229980469,0.0003995658496490155,0.00379791259765625,0.0021342426794965313,gini,3,30,10,"{'criterion': 'gini', 'max_depth': 3, 'min_samples_leaf': 30, 'min_samples_split': 10}",0.375,0.59375,0.625,0.5,0.4375,0.50625,0.09354143466934853,281
0.005797052383422851,0.0003994227416307599,0.0029979228973388674,3.1629798797182086e-07,gini,3,30,20,"{'criterion': 'gini', 'max_depth': 3, 'min_samples_leaf': 30, 'min_samples_split': 20}",0.375,0.59375,0.625,0.5,0.4375,0.50625,0.09354143466934853,281
0.0059967041015625,3.371747880871523e-07,0.002598428726196289,0.0004896095488648967,gini,3,30,30,"{'criterion': 'gini', 'max_depth': 3, 'min_samples_leaf': 30, 'min_samples_split': 30}",0.375,0.59375,0.625,0.5,0.4375,0.50625,0.09354143466934853,281
0.005596446990966797,0.0004896289092330497,0.0027987480163574217,0.00039992333879854,gini,3,30,40,"{'criterion': 'gini', 'max_depth': 3, 'min_samples_leaf': 30, 'min_samples_split': 40}",0.375,0.59375,0.625,0.5,0.4375,0.50625,0.09354143466934853,281
0.005796241760253906,0.0003998518381055636,0.002998495101928711,1.9073486328124998e-07,gini,3,30,50,"{'criterion': 'gini', 'max_depth': 3, 'min_samples_leaf': 30, 'min_samples_split': 50}",0.375,0.59375,0.625,0.5,0.4375,0.50625,0.09354143466934853,281
0.0059966564178466795,0.0006321082828959454,0.0021984100341796873,0.00039973283146775026,gini,3,25,40,"{'criterion': 'gini', 'max_depth': 3, 'min_samples_leaf': 25, 'min_samples_split': 40}",0.46875,0.59375,0.53125,0.5,0.4375,0.50625,0.053764532919016415,281
0.005597114562988281,0.0004898820606964878,0.0027979373931884765,0.0004001142441366472,gini,6,30,50,"{'criterion': 'gini', 'max_depth': 6, 'min_samples_leaf': 30, 'min_samples_split': 50}",0.375,0.59375,0.625,0.5,0.4375,0.50625,0.09354143466934853,281
0.005996561050415039,0.0008937227288068286,0.002598476409912109,0.000489453667451023,gini,6,30,40,"{'criterion': 'gini', 'max_depth': 6, 'min_samples_leaf': 30, 'min_samples_split': 40}",0.375,0.59375,0.625,0.5,0.4375,0.50625,0.09354143466934853,281
0.005396842956542969,0.0004895900298295808,0.002398681640625,0.0004897262799526149,gini,6,30,30,"{'criterion': 'gini', 'max_depth': 6, 'min_samples_leaf': 30, 'min_samples_split': 30}",0.375,0.59375,0.625,0.5,0.4375,0.50625,0.09354143466934853,281
0.005596971511840821,0.00048976521353509,0.0027982711791992186,0.0003996851051146208,gini,6,30,20,"{'criterion': 'gini', 'max_depth': 6, 'min_samples_leaf': 30, 'min_samples_split': 20}",0.375,0.59375,0.625,0.5,0.4375,0.50625,0.09354143466934853,281
0.0057967185974121095,0.00039973288834915734,0.002798318862915039,0.00039982802823816167,gini,4,25,20,"{'criterion': 'gini', 'max_depth': 4, 'min_samples_leaf': 25, 'min_samples_split': 20}",0.46875,0.59375,0.53125,0.5,0.4375,0.50625,0.053764532919016415,281
0.00559701919555664,0.0004898042786446944,0.002598285675048828,0.0004895900066087565,gini,6,30,10,"{'criterion': 'gini', 'max_depth': 6, 'min_samples_leaf': 30, 'min_samples_split': 10}",0.375,0.59375,0.625,0.5,0.4375,0.50625,0.09354143466934853,281
0.0059967517852783205,0.0006321082109545725,0.002798175811767578,0.0003998757261607768,gini,4,25,10,"{'criterion': 'gini', 'max_depth': 4, 'min_samples_leaf': 25, 'min_samples_split': 10}",0.46875,0.59375,0.53125,0.5,0.4375,0.50625,0.053764532919016415,281
0.00619654655456543,0.0003995658211964233,0.002198648452758789,0.0003997326608234803,gini,6,25,10,"{'criterion': 'gini', 'max_depth': 6, 'min_samples_leaf': 25, 'min_samples_split': 10}",0.46875,0.59375,0.53125,0.5,0.4375,0.50625,0.053764532919016415,281
0.005596685409545899,0.0004895316817110389,0.0025985240936279297,0.0004895899833879312,gini,6,25,20,"{'criterion': 'gini', 'max_depth': 6, 'min_samples_leaf': 25, 'min_samples_split': 20}",0.46875,0.59375,0.53125,0.5,0.4375,0.50625,0.053764532919016415,281
0.00659632682800293,0.0007994774572091076,0.004597234725952149,0.002415202891967214,gini,2,30,40,"{'criterion': 'gini', 'max_depth': 2, 'min_samples_leaf': 30, 'min_samples_split': 40}",0.375,0.59375,0.625,0.5,0.4375,0.50625,0.09354143466934853,281
0.0057967185974121095,0.000399375057926409,0.0025983333587646486,0.0004893371454791208,gini,2,30,30,"{'criterion': 'gini', 'max_depth': 2, 'min_samples_leaf': 30, 'min_samples_split': 30}",0.375,0.59375,0.625,0.5,0.4375,0.50625,0.09354143466934853,281
0.005996084213256836,4.156969970265077e-07,0.0027983665466308595,0.00039973274614562437,gini,2,30,20,"{'criterion': 'gini', 'max_depth': 2, 'min_samples_leaf': 30, 'min_samples_split': 20}",0.375,0.59375,0.625,0.5,0.4375,0.50625,0.09354143466934853,281
0.006196069717407227,0.0004001618568049325,0.0027985572814941406,0.0003997087585296766,gini,2,30,10,"{'criterion': 'gini', 'max_depth': 2, 'min_samples_leaf': 30, 'min_samples_split': 10}",0.375,0.59375,0.625,0.5,0.4375,0.50625,0.09354143466934853,281
0.007396030426025391,0.0038239639780262564,0.0025982379913330076,0.0004894537835874745,gini,6,25,30,"{'criterion': 'gini', 'max_depth': 6, 'min_samples_leaf': 25, 'min_samples_split': 30}",0.46875,0.59375,0.53125,0.5,0.4375,0.50625,0.053764532919016415,281
0.006196260452270508,0.0009790338388251112,0.00279850959777832,0.00039980423970129264,gini,6,25,50,"{'criterion': 'gini', 'max_depth': 6, 'min_samples_leaf': 25, 'min_samples_split': 50}",0.46875,0.59375,0.53125,0.5,0.4375,0.50625,0.053764532919016415,281
0.005596733093261719,0.0004896678969917535,0.002798318862915039,0.00039982808510602566,gini,6,25,40,"{'criterion': 'gini', 'max_depth': 6, 'min_samples_leaf': 25, 'min_samples_split': 40}",0.46875,0.59375,0.53125,0.5,0.4375,0.50625,0.053764532919016415,281
0.005396747589111328,0.00048976521353509,0.00259857177734375,0.0004895316120402597,gini,4,35,40,"{'criterion': 'gini', 'max_depth': 4, 'min_samples_leaf': 35, 'min_samples_split': 40}",0.375,0.5625,0.625,0.46875,0.4375,0.49375,0.08926785535678562,326
0.00779571533203125,0.004116221412865998,0.0025982379913330076,0.0004899403856509721,gini,3,35,10,"{'criterion': 'gini', 'max_depth': 3, 'min_samples_leaf': 35, 'min_samples_split': 10}",0.375,0.5625,0.625,0.46875,0.4375,0.49375,0.08926785535678562,326
0.005396890640258789,0.0004895510033578062,0.0023985862731933593,0.0004897067609269814,gini,4,35,30,"{'criterion': 'gini', 'max_depth': 4, 'min_samples_leaf': 35, 'min_samples_split': 30}",0.375,0.5625,0.625,0.46875,0.4375,0.49375,0.08926785535678562,326
0.00579676628112793,0.00039987566929968805,0.0023984909057617188,0.0004896873154151949,gini,2,35,10,"{'criterion': 'gini', 'max_depth': 2, 'min_samples_leaf': 35, 'min_samples_split': 10}",0.375,0.5625,0.625,0.46875,0.4375,0.49375,0.08926785535678562,326
0.006796407699584961,0.0015991738000516692,0.0027980804443359375,0.00039935119116483596,gini,4,35,50,"{'criterion': 'gini', 'max_depth': 4, 'min_samples_leaf': 35, 'min_samples_split': 50}",0.375,0.5625,0.625,0.46875,0.4375,0.49375,0.08926785535678562,326
0.00779571533203125,0.004115746682854429,0.002598428726196289,0.0004893174250607499,gini,4,35,20,"{'criterion': 'gini', 'max_depth': 4, 'min_samples_leaf': 35, 'min_samples_split': 20}",0.375,0.5625,0.625,0.46875,0.4375,0.49375,0.08926785535678562,326
0.006596088409423828,0.0011992852202509067,0.0027984142303466796,0.00039987566929968805,gini,4,35,10,"{'criterion': 'gini', 'max_depth': 4, 'min_samples_leaf': 35, 'min_samples_split': 10}",0.375,0.5625,0.625,0.46875,0.4375,0.49375,0.08926785535678562,326
0.005596637725830078,0.0004898819678685542,0.00259857177734375,0.000489531565593068,gini,3,35,30,"{'criterion': 'gini', 'max_depth': 3, 'min_samples_leaf': 35, 'min_samples_split': 30}",0.375,0.5625,0.625,0.46875,0.4375,0.49375,0.08926785535678562,326
0.005596780776977539,0.000800025563909284,0.002598476409912109,0.0004897457332026783,gini,3,35,20,"{'criterion': 'gini', 'max_depth': 3, 'min_samples_leaf': 35, 'min_samples_split': 20}",0.375,0.5625,0.625,0.46875,0.4375,0.49375,0.08926785535678562,326
0.005996513366699219,4.6231077741778654e-07,0.0025983810424804687,0.000489667850557489,gini,6,35,50,"{'criterion': 'gini', 'max_depth': 6, 'min_samples_leaf': 35, 'min_samples_split': 50}",0.375,0.5625,0.625,0.46875,0.4375,0.49375,0.08926785535678562,326
0.005396842956542969,0.0004895900066087565,0.00259857177734375,0.0004895315191458719,gini,3,35,40,"{'criterion': 'gini', 'max_depth': 3, 'min_samples_leaf': 35, 'min_samples_split': 40}",0.375,0.5625,0.625,0.46875,0.4375,0.49375,0.08926785535678562,326
0.00579686164855957,0.00039992362307001474,0.002998208999633789,0.0006323344297026467,gini,3,35,50,"{'criterion': 'gini', 'max_depth': 3, 'min_samples_leaf': 35, 'min_samples_split': 50}",0.375,0.5625,0.625,0.46875,0.4375,0.49375,0.08926785535678562,326
0.0059964656829833984,6.03156597169567e-07,0.0025987625122070312,0.0004896873618476135,gini,2,35,20,"{'criterion': 'gini', 'max_depth': 2, 'min_samples_leaf': 35, 'min_samples_split': 20}",0.375,0.5625,0.625,0.46875,0.4375,0.49375,0.08926785535678562,326
0.005596828460693359,0.0004898430110735554,0.0029982566833496095,0.0010947998660922583,gini,6,35,40,"{'criterion': 'gini', 'max_depth': 6, 'min_samples_leaf': 35, 'min_samples_split': 40}",0.375,0.5625,0.625,0.46875,0.4375,0.49375,0.08926785535678562,326
0.005596828460693359,0.0004895509801351309,0.0027982711791992186,0.00039980412595877306,gini,6,35,30,"{'criterion': 'gini', 'max_depth': 6, 'min_samples_leaf': 35, 'min_samples_split': 30}",0.375,0.5625,0.625,0.46875,0.4375,0.49375,0.08926785535678562,326
0.0057965278625488285,0.00039987566929968805,0.0025987148284912108,0.0004895510265804805,gini,6,35,20,"{'criterion': 'gini', 'max_depth': 6, 'min_samples_leaf': 35, 'min_samples_split': 20}",0.375,0.5625,0.625,0.46875,0.4375,0.49375,0.08926785535678562,326
0.0057964324951171875,0.0003998279713702896,0.0031984329223632814,0.000979170090908799,gini,5,35,10,"{'criterion': 'gini', 'max_depth': 5, 'min_samples_leaf': 35, 'min_samples_split': 10}",0.375,0.5625,0.625,0.46875,0.4375,0.49375,0.08926785535678562,326
0.006196308135986328,0.000399804154394406,0.002598476409912109,0.0004897457332026785,gini,5,35,20,"{'criterion': 'gini', 'max_depth': 5, 'min_samples_leaf': 35, 'min_samples_split': 20}",0.375,0.5625,0.625,0.46875,0.4375,0.49375,0.08926785535678562,326
0.005396842956542969,0.0004898820606964878,0.0023987293243408203,0.0004897845816770382,gini,5,35,30,"{'criterion': 'gini', 'max_depth': 5, 'min_samples_leaf': 35, 'min_samples_split': 30}",0.375,0.5625,0.625,0.46875,0.4375,0.49375,0.08926785535678562,326
0.005796670913696289,0.000747945918500699,0.00259857177734375,0.0004898235384771108,gini,5,35,40,"{'criterion': 'gini', 'max_depth': 5, 'min_samples_leaf': 35, 'min_samples_split': 40}",0.375,0.5625,0.625,0.46875,0.4375,0.49375,0.08926785535678562,326
0.0057967185974121095,0.00039997115041960385,0.0023986339569091798,0.0004897651438975314,gini,6,35,10,"{'criterion': 'gini', 'max_depth': 6, 'min_samples_leaf': 35, 'min_samples_split': 10}",0.375,0.5625,0.625,0.46875,0.4375,0.49375,0.08926785535678562,326
0.006196069717407227,0.00039956576429123284,0.0027987480163574217,0.00039956587810160564,gini,2,35,50,"{'criterion': 'gini', 'max_depth': 2, 'min_samples_leaf': 35, 'min_samples_split': 50}",0.375,0.5625,0.625,0.46875,0.4375,0.49375,0.08926785535678562,326
0.005996131896972656,3.8738433859996607e-07,0.0027988433837890627,0.00039961347644819096,gini,2,35,40,"{'criterion': 'gini', 'max_depth': 2, 'min_samples_leaf': 35, 'min_samples_split': 40}",0.375,0.5625,0.625,0.46875,0.4375,0.49375,0.08926785535678562,326
0.0059969425201416016,0.0018967516012326812,0.0025985240936279297,0.0004898821999383552,gini,2,35,30,"{'criterion': 'gini', 'max_depth': 2, 'min_samples_leaf': 35, 'min_samples_split': 30}",0.375,0.5625,0.625,0.46875,0.4375,0.49375,0.08926785535678562,326
0.005996417999267578,2.7804145311571603e-07,0.0025985240936279297,0.0004895899601671047,gini,5,35,50,"{'criterion': 'gini', 'max_depth': 5, 'min_samples_leaf': 35, 'min_samples_split': 50}",0.375,0.5625,0.625,0.46875,0.4375,0.49375,0.08926785535678562,326
